Id	NpcId	Level	BuffLevel	BuffIds	Note
1101	90720	161	[1]	[764976]	Martini (Extreme)
1102	90720	161	[1]	[764976]	Martini (Extreme)
1103	90730	242	[1]	[764976]	Mr. White (Extreme)
1104	90750	259	[1]	[764976]	Aerial 7 - Snow Owl (Extreme)
1105	90770	253	[1]	[764976]	Naval 5 - Squid (Extreme)
1106	90780	221	[1]	[764976]	Ground 1 - Polar Bear (Extreme)
1107	93482	223	[1]	[764976]	Aurora Guardian (Extreme)
1108	93542	359	[1]	[764976]	Aurora Bastion (Extreme)
1109	90030	168	[1]	[764976]	Repairer (Extreme)
1110	90090	322	[1]	[764976]	Ground Monitor (Extreme)
1111	90110	302	[1]	[764976]	Pilgrim (Extreme)
1112	90210	186	[1]	[764976]	Gardener (Extreme)
1301	90720	81	[1]	[764976]	Martini (Extreme)
1302	90720	81	[1]	[764976]	Martini (Extreme)
1303	90730	121	[1]	[764976]	Mr. White (Extreme)
1304	90030	84	[1]	[764976]	Repairer (Extreme)
1305	90090	161	[1]	[764976]	Ground Monitor (Extreme)
1306	90110	151	[1]	[764976]	Pilgrim (Extreme)
1307	90210	93	[1]	[764976]	Gardener (Extreme)
1601	90720	242	[1]	[764976]	Martini (Extreme)
1602	90720	242	[1]	[764976]	Martini (Extreme)
1603	90730	363	[1]	[764976]	Mr. White (Extreme)
1604	90740	281	[1]	[764976]	A'Mao
1605	90750	388	[1]	[764976]	Aerial 7 - Snow Owl (Extreme)
1606	90760	325	[1]	[764976]	Ground 3 - Rabbit (Extreme)
1607	90770	380	[1]	[764976]	Naval 5 - Squid (Extreme)
1608	90780	332	[1]	[764976]	Ground 1 - Polar Bear (Extreme)
1609	93482	334	[1]	[764976]	Aurora Guardian (Extreme)
1610	93542	539	[1]	[764976]	Aurora Bastion (Extreme)
1611	90380	288	[1]	[764976]	Construct (Extreme)
2101	90380	192	[1]	[764976]	Construct (Extreme)
2102	90640	485	[1]	[764976]	Blubber VI (Extreme)
2103	90650	536	[1]	[764976]	Ballwheel IV (Extreme)
2104	90670	340	[1]	[764976]	Kemuri I (Extreme)
2105	90690	201	[1]	[764976]	Phecda
2106	90700	281	[1]	[764976]	Prime
2107	90810	242	[1]	[764976]	Tai'E I (Extreme)
2108	93120	159	[1]	[764976]	Demon Bane (Extreme)
2109	93130	276	[1]	[764976]	God Slayer (Extreme)
2110	93140	171	[1]	[764976]	Heaven Breaker (Extreme)
2111	93160	311	[1]	[764976]	Gung-hoer (Extreme)
2112	93363	445	[1]	[764976]	Mechanoid Variant (Extreme)
2113	93373	387	[1]	[764976]	Statue Servant (Extreme)
2301	90640	243	[1]	[764976]	Blubber VI (Extreme)
2302	90650	268	[1]	[764976]	Ballwheel IV (Extreme)
2303	90810	121	[1]	[764976]	Tai'E I (Extreme)
2304	93160	156	[1]	[764976]	Gung-hoer (Extreme)
2305	93373	194	[1]	[764976]	Statue Servant (Extreme)
2401	90700	281	[1]	[764976]	Prime
2402	93363	445	[1]	[764976]	Mechanoid Variant (Extreme)
2403	93363	445	[1]	[764976]	Mechanoid Variant (Extreme)
2601	90380	288	[1]	[764976]	Construct (Extreme)
2602	90640	728	[1]	[764976]	Blubber VI (Extreme)
2603	90650	805	[1]	[764976]	Ballwheel IV (Extreme)
2604	90660	465	[1]	[764976]	Hanged Man III (Extreme)
2605	90670	510	[1]	[764976]	Kemuri I (Extreme)
2606	90680	651	[1]	[764976]	Kowloong Crew - Yazi (Extreme)
2607	90690	301	[1]	[764976]	Phecda
2608	90700	421	[1]	[764976]	Prime
2609	90790	333	[1]	[764976]	Guardian I (Extreme)
2610	90800	293	[1]	[764976]	Moyuan (Extreme)
2611	90810	362	[1]	[764976]	Tai'E I (Extreme)
2612	93120	238	[1]	[764976]	Demon Bane (Extreme)
2613	93130	414	[1]	[764976]	God Slayer (Extreme)
2614	93140	256	[1]	[764976]	Heaven Breaker (Extreme)
2701	90660	465	[1, 1]	[764976, 712002]	Hanged Man III (Extreme)
2702	90680	651	[1, 1]	[764976, 712002]	Kowloong Crew - Yazi (Extreme)
2703	90690	301	[1, 1]	[764976, 712002]	Phecda
2704	90700	421	[1, 1]	[764976, 712002]	Prime
2705	90790	333	[1, 1]	[764976, 712002]	Guardian I (Extreme)
2706	90800	293	[1, 1]	[764976, 712002]	Moyuan (Extreme)
2707	93120	238	[1, 1]	[764976, 712002]	Demon Bane (Extreme)
2708	93130	414	[1, 1]	[764976, 712002]	God Slayer (Extreme)
2709	93140	256	[1, 1]	[764976, 712002]	Heaven Breaker (Extreme)
2801	90380	288	[1]	[764976]	Construct (Extreme)
2802	90640	728	[1]	[764976]	Blubber VI (Extreme)
2803	90650	805	[1]	[764976]	Ballwheel IV (Extreme)
2804	90660	465	[1]	[764976]	Hanged Man III (Extreme)
2805	90690	301	[1]	[764976]	Phecda
2806	90700	421	[1]	[764976]	Prime
2807	90790	333	[1]	[764976]	Guardian I (Extreme)
2808	90810	362	[1]	[764976]	Tai'E I (Extreme)
2809	93120	238	[1]	[764976]	Demon Bane (Extreme)
2810	93130	414	[1]	[764976]	God Slayer (Extreme)
2811	93140	256	[1]	[764976]	Heaven Breaker (Extreme)
2812	93160	467	[1]	[764976]	Gung-hoer (Extreme)
2901	90700	421	[1]	[764976]	Prime
2902	90790	333	[1]	[764976]	Guardian I (Extreme)
2903	93363	667	[1]	[764976]	Mechanoid Variant (Extreme)
3101	90380	192	[1, 1]	[764976, 900421]	Construct (Extreme)
3102	90890	596	[1, 1]	[764976, 900421]	Corrupted Construct (Extreme)
3103	93050	272	[1, 1]	[764976, 900421]	Construct Soldier (Female) (Extreme)
3104	90250	197	[1, 1]	[764976, 900421]	Ronin IV (Extreme)
3105	90330	239	[1, 1]	[764976, 900421]	Envoy (Extreme)
3106	90340	278	[1, 1]	[764976, 900421]	Royal Guard (Extreme)
3107	90350	896	[1, 1]	[764976, 900421]	Firefighter (Extreme)
3108	90360	401	[1, 1]	[764976, 900421]	Deconstructor (Extreme)
3109	90370	316	[1, 1]	[764976, 900421]	Explorer (Extreme)
3110	90220	175	[1, 1]	[764976, 900421]	Excavator
3111	90400	191	[1, 1]	[764976, 900421]	Bio-Bull (Extreme)
3112	90410	228	[1, 1]	[764976, 900421]	Acid Ant (Extreme)
3113	90420	214	[1, 1]	[764976, 900421]	Musashi VI (Extreme)
3114	90440	261	[1, 1]	[764976, 900421]	Terrapod (Extreme)
3115	90860	508	[1, 1]	[764976, 900421]	Popper (Extreme)
3116	90870	274	[1, 1]	[764976, 900421]	Jaspers (Extreme)
3117	90960	211	[1, 1]	[764976, 900421]	Blair (Extreme)
3118	93433	292	[1, 1]	[764976, 900421]	Para-Protozoa (Extreme)
3301	90380	96	[1, 1]	[764976, 900421]	Construct (Extreme)
3302	90890	298	[1, 1]	[764976, 900421]	Corrupted Construct (Extreme)
3303	90250	99	[1, 1]	[764976, 900421]	Ronin IV (Extreme)
3304	90350	770	[1, 1]	[764976, 900421]	Firefighter (Extreme)
3305	90360	201	[1, 1]	[764976, 900421]	Deconstructor (Extreme)
3306	90400	96	[1, 1]	[764976, 900421]	Bio-Bull (Extreme)
3307	90440	131	[1, 1]	[764976, 900421]	Terrapod (Extreme)
3308	90860	254	[1, 1]	[764976, 900421]	Popper (Extreme)
3309	90870	137	[1, 1]	[764976, 900421]	Jaspers (Extreme)
3310	90960	106	[1, 1]	[764976, 900421]	Blair (Extreme)
3311	93433	146	[1, 1]	[764976, 900421]	Para-Protozoa (Extreme)
3401	90390	279	[1, 1]	[764976, 900421]	Harvester (Extreme)
3402	90400	191	[1, 1]	[764976, 900421]	Bio-Bull (Extreme)
3403	90430	147	[1, 1]	[764976, 900421]	Musashi IX (Extreme)
3404	90870	274	[1, 1]	[764976, 900421]	Jaspers (Extreme)
3405	93513	425	[1, 1]	[764976, 900421]	Hetero-Elephant (Extreme)
3601	90380	288	[1, 1]	[764976, 900421]	Construct (Extreme)
3602	90250	296	[1, 1]	[764976, 900421]	Ronin IV (Extreme)
3603	90330	358	[1, 1]	[764976, 900421]	Envoy (Extreme)
3604	90340	416	[1, 1]	[764976, 900421]	Royal Guard (Extreme)
3605	90350	1298	[1, 1]	[764976, 900421]	Firefighter (Extreme)
3606	90360	601	[1, 1]	[764976, 900421]	Deconstructor (Extreme)
3607	90370	427	[1, 1]	[764976, 900421]	Explorer (Extreme)
3608	90220	263	[1, 1]	[764976, 900421]	Excavator
3609	90410	342	[1, 1]	[764976, 900421]	Acid Ant (Extreme)
3610	90420	321	[1, 1]	[764976, 900421]	Musashi VI (Extreme)
3611	90440	391	[1, 1]	[764976, 900421]	Terrapod (Extreme)
3612	90870	411	[1, 1]	[764976, 900421]	Jaspers (Extreme)
3613	90870	411	[1, 1]	[764976, 900421]	Jaspers (Extreme)
3614	93433	438	[1, 1]	[764976, 900421]	Para-Protozoa (Extreme)
3615	93513	637	[1, 1]	[764976, 900421]	Hetero-Elephant (Extreme)
3701	90380	288	[1, 1, 1]	[764976, 900421, 712002]	Construct (Extreme)
3702	93353	400	[1, 1, 1]	[764976, 900421, 712002]	Elite Construct (Extreme)
3703	90390	418	[1, 1, 1]	[764976, 900421, 712002]	Harvester (Extreme)
3704	90350	1459	[1, 1, 1]	[764976, 900421, 712002]	Firefighter (Extreme)
3705	90370	427	[1, 1, 1]	[764976, 900421, 712002]	Explorer (Extreme)
3706	90220	263	[1, 1, 1]	[764976, 900421, 712002]	Excavator
3707	90430	220	[1, 1, 1]	[764976, 900421, 712002]	Musashi IX (Extreme)
3801	90380	288	[1, 1]	[764976, 900421]	Construct (Extreme)
3802	90890	895	[1, 1]	[764976, 900421]	Corrupted Construct (Extreme)
3803	90330	358	[1, 1]	[764976, 900421]	Envoy (Extreme)
3804	90340	416	[1, 1]	[764976, 900421]	Royal Guard (Extreme)
3805	90350	1459	[1, 1]	[764976, 900421]	Firefighter (Extreme)
3806	90360	601	[1, 1]	[764976, 900421]	Deconstructor (Extreme)
3807	90400	287	[1, 1]	[764976, 900421]	Bio-Bull (Extreme)
3808	90410	342	[1, 1]	[764976, 900421]	Acid Ant (Extreme)
3809	90440	391	[1, 1]	[764976, 900421]	Terrapod (Extreme)
3810	90860	762	[1, 1]	[764976, 900421]	Popper (Extreme)
3811	93050	407	[1, 1]	[764976, 900421]	Construct Soldier (Female) (Extreme)
3812	93050	407	[1, 1]	[764976, 900421]	Construct Soldier (Female) (Extreme)
3901	90390	418	[1, 1]	[764976, 900421]	Harvester (Extreme)
3902	90400	287	[1, 1]	[764976, 900421]	Bio-Bull (Extreme)
3903	90430	220	[1, 1]	[764976, 900421]	Musashi IX (Extreme)
3904	90870	411	[1, 1]	[764976, 900421]	Jaspers (Extreme)
3905	93513	637	[1, 1]	[764976, 900421]	Hetero-Elephant (Extreme)
3906	93353	400	[1, 1]	[764976, 900421]	Elite Construct (Extreme)
4101	90380	192	[1, 1]	[764936, 900421]	Construct (Extreme)
4102	90450	237	[1, 1]	[764936, 900421]	Polar Soldier
4103	90460	232	[1, 1]	[764936, 900421]	Deep-sea Ambusher
4104	90600	601	[1, 1]	[764936, 900421]	Hetero Deconstruct Unit (Extreme)
4105	90610	463	[1, 1]	[764936, 900421]	Hetero Deconstruct Unit (Extreme)
4106	90620	934	[1, 1]	[764936, 900421]	Hetero Fire Unit (Extreme)
4107	90630	220	[1, 1]	[764936, 900421]	Hetero Explore Unit (Extreme)
4108	90890	596	[1, 1]	[764936, 900421]	Corrupted Construct (Extreme)
4109	90970	270	[1, 1]	[764936, 900421]	M4-Medic Bot (Extreme)
4110	93010	341	[1, 1]	[764936, 900421]	DB02-Sanitizer (Extreme)
4111	93020	291	[1, 1]	[764936, 900421]	SSG-Meanderer (Extreme)
4112	93103	229	[1, 1]	[764936, 900421]	Treant (Extreme)
4113	93110	151	[1, 1]	[764936, 900421]	Fairy (Extreme)
4114	93333	267	[1, 1]	[764936, 900421]	"""Good Child"" (Extreme)"
4115	93343	267	[1, 1]	[764936, 900421]	"""Naughty Child"" (Extreme)"
4116	93473	359	[1, 1]	[764936, 900421]	Hidden Assassin (Extreme)
4301	90380	96	[1, 1]	[764936, 900421]	Construct (Extreme)
4302	90460	116	[1, 1]	[764936, 900421]	Deep-sea Ambusher
4303	90600	301	[1, 1]	[764936, 900421]	Hetero Deconstruct Unit (Extreme)
4304	90610	232	[1, 1]	[764936, 900421]	Hetero Deconstruct Unit (Extreme)
4305	90620	467	[1, 1]	[764936, 900421]	Hetero Fire Unit (Extreme)
4306	90890	298	[1, 1]	[764936, 900421]	Corrupted Construct (Extreme)
4307	90970	135	[1, 1]	[764936, 900421]	M4-Medic Bot (Extreme)
4308	93010	170	[1, 1]	[764936, 900421]	DB02-Sanitizer (Extreme)
4309	93110	76	[1, 1]	[764936, 900421]	Fairy (Extreme)
4310	93333	134	[1, 1]	[764936, 900421]	"""Good Child"" (Extreme)"
4311	93343	134	[1, 1]	[764936, 900421]	"""Naughty Child"" (Extreme)"
4312	93473	180	[1, 1]	[764936, 900421]	Hidden Assassin (Extreme)
4401	90450	237	[1, 1]	[764936, 900421]	Polar Soldier
4402	90630	220	[1, 1]	[764936, 900421]	Hetero Explore Unit (Extreme)
4403	90980	265	[1, 1]	[764936, 900421]	"PK43 Type ""Sergeant"" (Extreme)"
4404	90990	241	[1, 1]	[764936, 900421]	Trailblazing Surfer (Extreme)
4405	90990	241	[1, 1]	[764936, 900421]	Trailblazing Surfer (Extreme)
4601	90380	288	[1, 1]	[764936, 900421]	Construct (Extreme)
4602	90450	355	[1, 1]	[764936, 900421]	Polar Soldier
4603	90460	347	[1, 1]	[764936, 900421]	Deep-sea Ambusher
4604	90600	902	[1, 1]	[764936, 900421]	Hetero Deconstruct Unit (Extreme)
4605	90610	694	[1, 1]	[764936, 900421]	Hetero Deconstruct Unit (Extreme)
4606	90620	1400	[1, 1]	[764936, 900421]	Hetero Fire Unit (Extreme)
4607	90630	330	[1, 1]	[764936, 900421]	Hetero Explore Unit (Extreme)
4608	90980	398	[1, 1]	[764936, 900421]	"PK43 Type ""Sergeant"" (Extreme)"
4609	93010	511	[1, 1]	[764936, 900421]	DB02-Sanitizer (Extreme)
4610	93020	436	[1, 1]	[764936, 900421]	SSG-Meanderer (Extreme)
4611	93103	344	[1, 1]	[764936, 900421]	Treant (Extreme)
4612	93110	226	[1, 1]	[764936, 900421]	Fairy (Extreme)
4613	93323	400	[1, 1]	[764936, 900421]	"""Dottie"" (Extreme)"
4701	90380	288	[1, 1, 1]	[764936, 900421, 712002]	Construct (Extreme)
4702	90450	355	[1, 1, 1]	[764936, 900421, 712002]	Polar Soldier
4703	90460	347	[1, 1, 1]	[764936, 900421, 712002]	Deep-sea Ambusher
4704	90620	1400	[1, 1, 1]	[764936, 900421, 712002]	Hetero Fire Unit (Extreme)
4705	90630	330	[1, 1, 1]	[764936, 900421, 712002]	Hetero Explore Unit (Extreme)
4706	90970	405	[1, 1, 1]	[764936, 900421, 712002]	M4-Medic Bot (Extreme)
4707	90980	398	[1, 1, 1]	[764936, 900421, 712002]	"PK43 Type ""Sergeant"" (Extreme)"
4708	90990	361	[1, 1, 1]	[764936, 900421, 712002]	Trailblazing Surfer (Extreme)
4709	93020	436	[1, 1, 1]	[764936, 900421, 712002]	SSG-Meanderer (Extreme)
4801	90380	288	[1, 1]	[764936, 900421]	Construct (Extreme)
4802	93473	539	[1, 1]	[764936, 900421]	Hidden Assassin (Extreme)
4803	90450	355	[1, 1]	[764936, 900421]	Polar Soldier
4804	90460	347	[1, 1]	[764936, 900421]	Deep-sea Ambusher
4805	90600	902	[1, 1]	[764936, 900421]	Hetero Deconstruct Unit (Extreme)
4806	90610	694	[1, 1]	[764936, 900421]	Hetero Deconstruct Unit (Extreme)
4807	90620	1400	[1, 1]	[764936, 900421]	Hetero Fire Unit (Extreme)
4808	90630	330	[1, 1]	[764936, 900421]	Hetero Explore Unit (Extreme)
4809	90890	895	[1, 1]	[764936, 900421]	Corrupted Construct (Extreme)
4810	90970	405	[1, 1]	[764936, 900421]	M4-Medic Bot (Extreme)
4811	90980	398	[1, 1]	[764936, 900421]	"PK43 Type ""Sergeant"" (Extreme)"
4812	90990	361	[1, 1]	[764936, 900421]	Trailblazing Surfer (Extreme)
4813	93010	511	[1, 1]	[764936, 900421]	DB02-Sanitizer (Extreme)
4814	93020	436	[1, 1]	[764936, 900421]	SSG-Meanderer (Extreme)
4815	93103	344	[1, 1]	[764936, 900421]	Treant (Extreme)
4816	93110	226	[1, 1]	[764936, 900421]	Fairy (Extreme)
4817	93323	400	[1, 1]	[764936, 900421]	"""Dottie"" (Extreme)"
4818	93333	400	[1, 1]	[764936, 900421]	"""Good Child"" (Extreme)"
4819	93343	400	[1, 1]	[764936, 900421]	"""Naughty Child"" (Extreme)"
4901	90450	355	[1, 1]	[764936, 900421]	Polar Soldier
4902	90630	330	[1, 1]	[764936, 900421]	Hetero Explore Unit (Extreme)
4903	90980	398	[1, 1]	[764936, 900421]	"PK43 Type ""Sergeant"" (Extreme)"
4904	90990	361	[1, 1]	[764936, 900421]	Trailblazing Surfer (Extreme)
4905	90990	361	[1, 1]	[764936, 900421]	Trailblazing Surfer (Extreme)
5101	90890	596	[1, 1]	[764936, 715899]	Corrupted Construct (Extreme)
5102	90380	192	[1, 1]	[764936, 715899]	Construct (Extreme)
5103	90950	261	[1, 1]	[764936, 715899]	Recycle Prisoner (Extreme)
5104	93182	201	[1, 1]	[764936, 715899]	Nalasr-E (Extreme)
5105	93192	308	[1, 1]	[764936, 715899]	Heal-Z (Extreme)
5106	93223	344	[1, 1]	[764936, 715899]	Deporter-R (Extreme)
5107	93232	281	[1, 1]	[764936, 715899]	Courier-M (Extreme)
5108	93293	196	[1, 1]	[764936, 715899]	Redcoral Host (Extreme)
5109	93303	131	[1, 1]	[764936, 715899]	Chela Host (Extreme)
5110	93383	309	[1, 1]	[764936, 715899]	Consciousness Test Subject (Extreme)
5111	93393	344	[1, 1]	[764936, 715899]	Consciousness Test Subject - Control (Extreme)
5112	93413	223	[1, 1]	[764936, 715899]	Stone Lion VIII (Extreme)
5113	93413	223	[1, 1]	[764936, 715899]	Stone Lion VIII (Extreme)
5114	93443	525	[1, 1]	[764936, 715899]	Seeker (Extreme)
5115	90740	188	[1, 1]	[764936, 715899]	A'Mao
5116	90760	217	[1, 1]	[764936, 715899]	Ground 3 - Rabbit (Extreme)
5117	90660	310	[1, 1]	[764936, 715899]	Hanged Man III (Extreme)
5118	90690	201	[1, 1]	[764936, 715899]	Phecda
5119	90700	281	[1, 1]	[764936, 715899]	Prime
5120	90790	222	[1, 1]	[764936, 715899]	Guardian I (Extreme)
5121	90350	896	[1, 1]	[764936, 715899]	Firefighter (Extreme)
5122	90420	214	[1, 1]	[764936, 715899]	Musashi VI (Extreme)
5123	90450	237	[1, 1]	[764936, 715899]	Polar Soldier
5124	90460	232	[1, 1]	[764936, 715899]	Deep-sea Ambusher
5125	90630	220	[1, 1]	[764936, 715899]	Hetero Explore Unit (Extreme)
5126	93020	291	[1, 1]	[764936, 715899]	SSG-Meanderer (Extreme)
5301	90890	298	[1, 1]	[764936, 715899]	Corrupted Construct (Extreme)
5302	90380	96	[1, 1]	[764936, 715899]	Construct (Extreme)
5303	93182	101	[1, 1]	[764936, 715899]	Nalasr-E (Extreme)
5304	93192	154	[1, 1]	[764936, 715899]	Heal-Z (Extreme)
5305	93223	172	[1, 1]	[764936, 715899]	Deporter-R (Extreme)
5306	93232	141	[1, 1]	[764936, 715899]	Courier-M (Extreme)
5307	93293	98	[1, 1]	[764936, 715899]	Redcoral Host (Extreme)
5308	93303	66	[1, 1]	[764936, 715899]	Chela Host (Extreme)
5309	93383	155	[1, 1]	[764936, 715899]	Consciousness Test Subject (Extreme)
5310	93393	172	[1, 1]	[764936, 715899]	Consciousness Test Subject - Control (Extreme)
5311	93413	111	[1, 1]	[764936, 715899]	Stone Lion VIII (Extreme)
5312	93443	263	[1, 1]	[764936, 715899]	Seeker (Extreme)
5401	90950	261	[1, 1]	[764936, 715899]	Recycle Prisoner (Extreme)
5402	90950	261	[1, 1]	[764936, 715899]	Recycle Prisoner (Extreme)
5403	93403	374	[1, 1]	[764936, 715899]	"""Gate Keeper"" (Extreme)"
5404	93313	386	[1, 1]	[764936, 715899]	Hetero-Consciousness Host (Extreme)
5405	93403	374	[1, 1]	[764936, 715899]	"""Gate Keeper"" (Extreme)"
5601	90380	288	[1, 1]	[764936, 715899]	Construct (Extreme)
5602	90950	391	[1, 1]	[764936, 715899]	Recycle Prisoner (Extreme)
5603	93070	484	[1, 1]	[764936, 715899]	Sanctuary Guard (Extreme)
5604	93170	377	[1, 1]	[764936, 715899]	Wheel of Fortune (Extreme)
5605	93223	515	[1, 1]	[764936, 715899]	Deporter-R (Extreme)
5606	93232	421	[1, 1]	[764936, 715899]	Courier-M (Extreme)
5607	93293	294	[1, 1]	[764936, 715899]	Redcoral Host (Extreme)
5608	93303	197	[1, 1]	[764936, 715899]	Chela Host (Extreme)
5609	93313	578	[1, 1]	[764936, 715899]	Hetero-Consciousness Host (Extreme)
5610	93313	578	[1, 1]	[764936, 715899]	Hetero-Consciousness Host (Extreme)
5611	93403	560	[1, 1]	[764936, 715899]	"""Gate Keeper"" (Extreme)"
5612	93403	560	[1, 1]	[764936, 715899]	"""Gate Keeper"" (Extreme)"
5613	93413	334	[1, 1]	[764936, 715899]	Stone Lion VIII (Extreme)
5701	93313	578	[1, 1, 1]	[764936, 715899, 712002]	Hetero-Consciousness Host (Extreme)
5702	90950	391	[1, 1, 1]	[764936, 715899, 712002]	Recycle Prisoner (Extreme)
5703	93070	484	[1, 1, 1]	[764936, 715899, 712002]	Sanctuary Guard (Extreme)
5704	93170	377	[1, 1, 1]	[764936, 715899, 712002]	Wheel of Fortune (Extreme)
5705	93403	560	[1, 1, 1]	[764936, 715899, 712002]	"""Gate Keeper"" (Extreme)"
5706	93403	560	[1, 1, 1]	[764936, 715899, 712002]	"""Gate Keeper"" (Extreme)"
5801	90890	895	[1, 1]	[764936, 715899]	Corrupted Construct (Extreme)
5802	90380	288	[1, 1]	[764936, 715899]	Construct (Extreme)
5803	90950	391	[1, 1]	[764936, 715899]	Recycle Prisoner (Extreme)
5804	93070	484	[1, 1]	[764936, 715899]	Sanctuary Guard (Extreme)
5805	93170	377	[1, 1]	[764936, 715899]	Wheel of Fortune (Extreme)
5806	93182	301	[1, 1]	[764936, 715899]	Nalasr-E (Extreme)
5807	93192	462	[1, 1]	[764936, 715899]	Heal-Z (Extreme)
5808	93223	515	[1, 1]	[764936, 715899]	Deporter-R (Extreme)
5809	93232	421	[1, 1]	[764936, 715899]	Courier-M (Extreme)
5810	93293	294	[1, 1]	[764936, 715899]	Redcoral Host (Extreme)
5811	93303	197	[1, 1]	[764936, 715899]	Chela Host (Extreme)
5812	93313	578	[1, 1]	[764936, 715899]	Hetero-Consciousness Host (Extreme)
5813	93403	560	[1, 1]	[764936, 715899]	"""Gate Keeper"" (Extreme)"
5814	93413	334	[1, 1]	[764936, 715899]	Stone Lion VIII (Extreme)
5815	93443	787	[1, 1]	[764936, 715899]	Seeker (Extreme)
5901	90950	391	[1, 1]	[764936, 715899]	Recycle Prisoner (Extreme)
5902	90950	391	[1, 1]	[764936, 715899]	Recycle Prisoner (Extreme)
5903	93313	578	[1, 1]	[764936, 715899]	Hetero-Consciousness Host (Extreme)
5904	93313	578	[1, 1]	[764936, 715899]	Hetero-Consciousness Host (Extreme)
5905	93403	560	[1, 1]	[764936, 715899]	"""Gate Keeper"" (Extreme)"
5906	93403	560	[1, 1]	[764936, 715899]	"""Gate Keeper"" (Extreme)"
6101	90750	259	[1, 1]	[764936, 715899]	Aerial 7 - Snow Owl (Extreme)
6102	90750	259	[1, 1]	[764936, 715899]	Aerial 7 - Snow Owl (Extreme)
6103	90380	192	[1, 1]	[764936, 715899]	Construct (Extreme)
6104	90650	536	[1, 1]	[764936, 715899]	Ballwheel IV (Extreme)
6105	90700	281	[1, 1]	[764936, 715899]	Prime
6106	90350	896	[1, 1]	[764936, 715899]	Firefighter (Extreme)
6107	90440	261	[1, 1]	[764936, 715899]	Terrapod (Extreme)
6108	90630	220	[1, 1]	[764936, 715899]	Hetero Explore Unit (Extreme)
6109	93020	291	[1, 1]	[764936, 715899]	SSG-Meanderer (Extreme)
6601	90380	288	[1, 1]	[764936, 715899]	Construct (Extreme)
6602	90740	281	[1, 1]	[764936, 715899]	A'Mao
6603	90760	325	[1, 1]	[764936, 715899]	Ground 3 - Rabbit (Extreme)
6604	90660	465	[1, 1]	[764936, 715899]	Hanged Man III (Extreme)
6605	90700	421	[1, 1]	[764936, 715899]	Prime
6606	90790	333	[1, 1]	[764936, 715899]	Guardian I (Extreme)
6607	90370	427	[1, 1]	[764936, 715899]	Explorer (Extreme)
6608	90220	263	[1, 1]	[764936, 715899]	Excavator
6609	90990	361	[1, 1]	[764936, 715899]	Trailblazing Surfer (Extreme)
6610	90450	355	[1, 1]	[764936, 715899]	Polar Soldier
6611	93403	560	[1, 1]	[764936, 715899]	"""Gate Keeper"" (Extreme)"
6612	93403	560	[1, 1]	[764936, 715899]	"""Gate Keeper"" (Extreme)"
9011	90020	100	[1, 1]	[764987, 715899]	Frightened Kuroro
9012	91036	260	[1, 1]	[764987, 715899]	Ultimate King Wrench XIV
9021	90020	100	[1, 1]	[764987, 715899]	Frightened Kuroro
9022	91036	260	[1, 1]	[764987, 715899]	Ultimate King Wrench XIV
9031	90020	100	[1, 1]	[764987, 715899]	Frightened Kuroro
9032	91036	260	[1, 1]	[764987, 715899]	Ultimate King Wrench XIV
9041	90020	100	[1, 1]	[764987, 715899]	Frightened Kuroro
9042	91036	260	[1, 1]	[764987, 715899]	Ultimate King Wrench XIV
9051	90020	100	[1, 1]	[764987, 715899]	Frightened Kuroro
9052	91036	260	[1, 1]	[764987, 715899]	Ultimate King Wrench XIV
12101	93563	192	[1, 1, 1]	[746446, 764976, 764694]	Abyss Angel
12102	93533	485	[1, 1, 1]	[746446, 764976, 764694]	Sea Anemone
12103	93303	536	[1, 1, 1]	[746446, 764976, 764694]	Chela Host
12104	93293	340	[1, 1, 1]	[746446, 764976, 764694]	Redcoral Host
12105	90940	201	[1, 1, 1]	[746446, 764976, 764694]	Buthus
12106	90930	281	[1, 1, 1]	[746446, 764976, 764694]	Monkfish
12107	90850	242	[1, 1, 1]	[746446, 764976, 764694]	Chomper
12108	90830	159	[1, 1, 1]	[746446, 764976, 764694]	Beetle
12109	90900	276	[1, 1, 1]	[746446, 764976, 764694]	Octopus
12110	90890	171	[1, 1, 1]	[746446, 764976, 764694]	Corrupted Construct
12111	93050	445	[1, 1, 1]	[746446, 764976, 764694]	Construct Soldier (Female)
12112	93050	445	[1, 1, 1]	[746446, 764976, 764694]	Construct Soldier (Female)
12113	93343	387	[1, 1, 1]	[746446, 764976, 764694]	"""Naughty Child"""
12114	93333	387	[1, 1, 1]	[746446, 764976, 764694]	"""Good Child"""
12301	93563	243	[1, 1, 1]	[746446, 764976, 764694]	Abyss Angel
12302	93563	268	[1, 1, 1]	[746446, 764976, 764694]	Sea Anemone
12303	93533	121	[1, 1, 1]	[746446, 764976, 764694]	Octopus
12304	90900	156	[1, 1, 1]	[746446, 764976, 764694]	Corrupted Construct
12305	93343	194	[1, 1, 1]	[746446, 764976, 764694]	"""Naughty Child"""
12306	93030	288	[1, 1, 1, 1]	[746446, 764976, 764694, 781681]	Hetero-Sapien
12307	93553	728	[1, 1, 1, 1]	[746446, 764976, 764694, 781681]	"""Sea Fairy"""
12308	93313	805	[1, 1, 1, 1]	[746446, 764976, 764694, 781681]	Hetero-Consciousness Host
12309	90950	465	[1, 1, 1, 1]	[746446, 764976, 764694, 781681]	Recycle Prisoner
12310	90930	333	[1, 1, 1, 1]	[746446, 764976, 764694, 781681]	Monkfish
12401	93513	281	[1, 1, 1]	[746446, 764976, 764694]	Hetero-Mammoth
12402	90340	445	[1, 1, 1]	[746446, 764976, 764694]	Royal Guard
12403	93313	445	[1, 1, 1]	[746446, 764976, 764694]	Hetero-Consciousness Host
12404	91032	260	[1, 1, 1]	[746446, 764976, 764694]	Ultimate King Wrench XIV
12601	93030	288	[1, 1, 1]	[746446, 764976, 764694]	Hetero-Sapien
12602	93553	728	[1, 1, 1]	[746446, 764976, 764694]	"""Sea Fairy"""
12603	93313	805	[1, 1, 1]	[746446, 764976, 764694]	Hetero-Consciousness Host
12604	90950	465	[1, 1, 1]	[746446, 764976, 764694]	Recycle Prisoner
12605	93563	510	[1, 1, 1]	[746446, 764976, 764694]	Abyss Angel
12606	93533	651	[1, 1, 1]	[746446, 764976, 764694]	Sea Anemone
12607	93303	301	[1, 1, 1]	[746446, 764976, 764694]	Chela Host
12608	93293	421	[1, 1, 1]	[746446, 764976, 764694]	Redcoral Host
12609	90940	333	[1, 1, 1]	[746446, 764976, 764694]	Buthus
12610	90930	293	[1, 1, 1]	[746446, 764976, 764694]	Monkfish
12611	90850	362	[1, 1, 1]	[746446, 764976, 764694]	Chomper
12612	90830	238	[1, 1, 1]	[746446, 764976, 764694]	Beetle
12613	90900	414	[1, 1, 1]	[746446, 764976, 764694]	Octopus
12614	90890	256	[1, 1, 1]	[746446, 764976, 764694]	Corrupted Construct
12701	93030	465	[1, 1, 1, 1]	[746446, 764976, 712002, 764694]	Hetero-Sapien
12702	93553	651	[1, 1, 1, 1]	[746446, 764976, 712002, 764694]	"""Sea Fairy"""
12703	90950	301	[1, 1, 1, 1]	[746446, 764976, 712002, 764694]	Recycle Prisoner
12704	93313	421	[1, 1, 1, 1]	[746446, 764976, 712002, 764694]	Hetero-Consciousness Host
12705	90930	333	[1, 1, 1, 1]	[746446, 764976, 712002, 764694]	Monkfish
12706	90900	293	[1, 1, 1, 1]	[746446, 764976, 712002, 764694]	Octopus
12707	93553	651	[1, 1, 1, 1]	[746446, 764976, 712002, 764694]	"""Sea Fairy"""
12801	93030	288	[1, 1, 1]	[746446, 764976, 764694]	Hetero-Sapien
12802	93553	728	[1, 1, 1]	[746446, 764976, 764694]	"""Sea Fairy"""
12803	93313	805	[1, 1, 1]	[746446, 764976, 764694]	Hetero-Consciousness Host
12804	90950	465	[1, 1, 1]	[746446, 764976, 764694]	Recycle Prisoner
12805	93303	301	[1, 1, 1]	[746446, 764976, 764694]	Chela Host
12806	93293	421	[1, 1, 1]	[746446, 764976, 764694]	Redcoral Host
12807	90930	333	[1, 1, 1]	[746446, 764976, 764694]	Monkfish
12808	90900	362	[1, 1, 1]	[746446, 764976, 764694]	Octopus
12809	93050	238	[1, 1, 1]	[746446, 764976, 764694]	Construct Soldier (Female)
12810	93050	238	[1, 1, 1]	[746446, 764976, 764694]	Construct Soldier (Female)
12901	93513	421	[1, 1, 1]	[746446, 764976, 764694]	Hetero-Mammoth
12902	90340	333	[1, 1, 1]	[746446, 764976, 764694]	Royal Guard
12903	93313	667	[1, 1, 1]	[746446, 764976, 764694]	Hetero-Consciousness Host
12904	91032	260	[1, 1, 1]	[746446, 764976, 764694]	Ultimate King Wrench XIV
12905	96160	260	[1, 1, 1, 1]	[746446, 764976, 764694, 781682]	Carrot Device
13101	90460	192	[1, 1, 1]	[746446, 764976, 764694]	Deep-sea Ambusher
13102	90480	485	[1, 1, 1]	[746446, 764976, 764694]	Heteromer Sentry Gun
13103	90490	536	[1, 1, 1]	[746446, 764976, 764694]	Heteromer Aerial Monitor
13104	90470	340	[1, 1, 1]	[746446, 764976, 764694]	Heteromer Hydraulic
13105	90600	201	[1, 1, 1]	[746446, 764976, 764694]	Hetero Deconstruct Unit
13106	90620	281	[1, 1, 1]	[746446, 764976, 764694]	Hetero Fire Unit
13107	90610	242	[1, 1, 1]	[746446, 764976, 764694]	Hetero Repair Unit
13108	90970	159	[1, 1, 1]	[746446, 764976, 764694]	M4-Medic Bot
13109	93563	276	[1, 1, 1]	[746446, 764976, 764694]	Abyss Angel
13110	90890	171	[1, 1, 1]	[746446, 764976, 764694]	Corrupted Construct
13111	93533	311	[1, 1, 1]	[746446, 764976, 764694]	Sea Anemone
13112	90960	445	[1, 1, 1]	[746446, 764976, 764694]	Blair
13113	93303	445	[1, 1, 1]	[746446, 764976, 764694]	Chela Host
13114	93293	445	[1, 1, 1]	[746446, 764976, 764694]	Redcoral Host
13115	90930	387	[1, 1, 1]	[746446, 764976, 764694]	Monkfish
13116	90900	387	[1, 1, 1]	[746446, 764976, 764694]	Octopus
13301	90480	243	[1, 1, 1]	[746446, 764976, 764694]	Heteromer Sentry Gun
13302	90480	268	[1, 1, 1]	[746446, 764976, 764694]	Heteromer Aerial Monitor
13303	90490	121	[1, 1, 1]	[746446, 764976, 764694]	Heteromer Hydraulic
13304	90470	156	[1, 1, 1]	[746446, 764976, 764694]	Hetero Deconstruct Unit
13305	90620	194	[1, 1, 1]	[746446, 764976, 764694]	Hetero Fire Unit
13306	90610	194	[1, 1, 1]	[746446, 764976, 764694]	Hetero Repair Unit
13307	90970	194	[1, 1, 1]	[746446, 764976, 764694]	M4-Medic Bot
13308	90960	194	[1, 1, 1]	[746446, 764976, 764694]	Blair
13309	90370	288	[1, 1, 1, 1]	[746446, 764976, 764694, 781681]	Explorer
13310	90220	428	[1, 1, 1, 1]	[746446, 764976, 764694, 781681]	Excavator
13311	90910	805	[1, 1, 1, 1]	[746446, 764976, 764694, 781681]	Gear
13312	90990	465	[1, 1, 1, 1]	[746446, 764976, 764694, 781681]	Trailblazing Surfer
13313	93070	510	[1, 1, 1, 1]	[746446, 764976, 764694, 781681]	Sanctuary Guard
13314	90630	651	[1, 1, 1, 1]	[746446, 764976, 764694, 781681]	Hetero Explore Unit
13401	90390	281	[1, 1, 1]	[746446, 764976, 764694]	Harvester
13402	90990	445	[1, 1, 1]	[746446, 764976, 764694]	Trailblazing Surfer
13403	93433	445	[1, 1, 1]	[746446, 764976, 764694]	Para-Protozoa
13404	91032	260	[1, 1, 1]	[746446, 764976, 764694]	Ultimate King Wrench XIV
13601	90370	288	[1, 1, 1]	[746446, 764976, 764694]	Explorer
13602	90220	428	[1, 1, 1]	[746446, 764976, 764694]	Excavator
13603	90910	805	[1, 1, 1]	[746446, 764976, 764694]	Gear
13604	90990	465	[1, 1, 1]	[746446, 764976, 764694]	Trailblazing Surfer
13605	93070	510	[1, 1, 1]	[746446, 764976, 764694]	Sanctuary Guard
13606	90630	651	[1, 1, 1]	[746446, 764976, 764694]	Hetero Explore Unit
13607	90460	301	[1, 1, 1]	[746446, 764976, 764694]	Deep-sea Ambusher
13608	90480	421	[1, 1, 1]	[746446, 764976, 764694]	Heteromer Sentry Gun
13609	90490	333	[1, 1, 1]	[746446, 764976, 764694]	Heteromer Aerial Monitor
13610	90470	293	[1, 1, 1]	[746446, 764976, 764694]	Heteromer Hydraulic
13611	90600	362	[1, 1, 1]	[746446, 764976, 764694]	Hetero Deconstruct Unit
13612	90620	238	[1, 1, 1]	[746446, 764976, 764694]	Hetero Fire Unit
13613	90610	414	[1, 1, 1]	[746446, 764976, 764694]	Hetero Repair Unit
13614	90970	256	[1, 1, 1]	[746446, 764976, 764694]	M4-Medic Bot
13701	90370	400	[1, 1, 1, 1]	[746446, 764976, 712002, 764694]	Explorer
13702	90220	286	[1, 1, 1, 1]	[746446, 764976, 712002, 764694]	Excavator
13703	90910	301	[1, 1, 1, 1]	[746446, 764976, 712002, 764694]	Gear
13704	90990	421	[1, 1, 1, 1]	[746446, 764976, 712002, 764694]	Trailblazing Surfer
13705	93070	333	[1, 1, 1, 1]	[746446, 764976, 712002, 764694]	Sanctuary Guard
13706	90620	293	[1, 1, 1, 1]	[746446, 764976, 712002, 764694]	Hetero Fire Unit
13707	90480	238	[1, 1, 1, 1]	[746446, 764976, 712002, 764694]	Heteromer Sentry Gun
13801	90370	288	[1, 1, 1]	[746446, 764976, 764694]	Explorer
13802	90220	428	[1, 1, 1]	[746446, 764976, 764694]	Excavator
13803	90910	805	[1, 1, 1]	[746446, 764976, 764694]	Gear
13804	90990	465	[1, 1, 1]	[746446, 764976, 764694]	Trailblazing Surfer
13805	90630	301	[1, 1, 1]	[746446, 764976, 764694]	Hetero Explore Unit
13806	90600	421	[1, 1, 1]	[746446, 764976, 764694]	Hetero Deconstruct Unit
13807	90620	333	[1, 1, 1]	[746446, 764976, 764694]	Hetero Fire Unit
13808	90480	362	[1, 1, 1]	[746446, 764976, 764694]	Heteromer Sentry Gun
13809	90460	238	[1, 1, 1]	[746446, 764976, 764694]	Deep-sea Ambusher
13901	90990	421	[1, 1, 1]	[746446, 764976, 764694]	Trailblazing Surfer
13902	90910	333	[1, 1, 1]	[746446, 764976, 764694]	Gear
13903	90220	432	[1, 1, 1]	[746446, 764976, 764694]	Excavator
13904	93070	667	[1, 1, 1]	[746446, 764976, 764694]	Sanctuary Guard
13905	91032	260	[1, 1, 1]	[746446, 764976, 764694]	Ultimate King Wrench XIV
13906	96160	260	[1, 1, 1, 1]	[746446, 764976, 764694, 781682]	Carrot Device
14101	93383	192	[1, 1, 1]	[746446, 764936, 764694]	Consciousness Test Subject A
14102	93393	485	[1, 1, 1]	[746446, 764936, 764694]	Consciousness Test Subject B
14103	93182	536	[1, 1, 1]	[746446, 764936, 764694]	Nalasr-E
14104	93192	340	[1, 1, 1]	[746446, 764936, 764694]	Heal-Z
14105	93232	201	[1, 1, 1]	[746446, 764936, 764694]	Courier-M
14106	93223	281	[1, 1, 1]	[746446, 764936, 764694]	Deporter-R
14107	90750	242	[1, 1, 1]	[746446, 764936, 764694]	Aerial 7 - Snow Owl
14108	90760	159	[1, 1, 1]	[746446, 764936, 764694]	Ground 3 - Rabbit
14109	90770	276	[1, 1, 1]	[746446, 764936, 764694]	Naval 5 - Squid
14110	93373	171	[1, 1, 1]	[746446, 764936, 764694]	Statue Guardian
14111	90620	311	[1, 1, 1]	[746446, 764936, 764694]	Hetero Fire Unit
14112	90610	445	[1, 1, 1]	[746446, 764936, 764694]	Hetero Repair Unit
14113	90970	445	[1, 1, 1]	[746446, 764936, 764694]	M4-Medic Bot
14114	93020	445	[1, 1, 1]	[746446, 764936, 764694]	SSG-Meanderer
14301	93383	243	[1, 1, 1]	[746446, 764936, 764694]	Consciousness Test Subject A
14302	93383	268	[1, 1, 1]	[746446, 764936, 764694]	Consciousness Test Subject B
14303	93393	121	[1, 1, 1]	[746446, 764936, 764694]	Nalasr-E
14304	93182	156	[1, 1, 1]	[746446, 764936, 764694]	Heal-Z
14305	93232	194	[1, 1, 1]	[746446, 764936, 764694]	Courier-M
14306	93223	281	[1, 1, 1]	[746446, 764936, 764694]	Deporter-R
14307	90770	276	[1, 1, 1]	[746446, 764936, 764694]	Naval 5 - Squid
14308	93373	171	[1, 1, 1]	[746446, 764936, 764694]	Statue Guardian
14309	90740	288	[1, 1, 1, 1]	[746446, 764936, 764694, 781681]	A'Mao
14310	90780	728	[1, 1, 1, 1]	[746446, 764936, 764694, 781681]	Ground 1 - Polar Bear
14311	93170	805	[1, 1, 1, 1]	[746446, 764936, 764694, 781681]	Wheel of Fortune
14312	90420	465	[1, 1, 1, 1]	[746446, 764936, 764694, 781681]	Musashi VI
14313	90980	510	[1, 1, 1, 1]	[746446, 764936, 764694, 781681]	"PK-43 ""Sheriff"""
14314	93363	651	[1, 1, 1, 1]	[746446, 764936, 764694, 781681]	Mechanoid Variant
14401	90780	281	[1, 1, 1]	[746446, 764936, 764694]	Ground 1 - Polar Bear
14402	90420	445	[1, 1, 1]	[746446, 764936, 764694]	Musashi VI
14403	93170	445	[1, 1, 1]	[746446, 764936, 764694]	Wheel of Fortune
14404	91032	260	[1, 1, 1]	[746446, 764936, 764694]	Ultimate King Wrench XIV
14601	90740	288	[1, 1, 1]	[746446, 764936, 764694]	A'Mao
14602	90780	728	[1, 1, 1]	[746446, 764936, 764694]	Ground 1 - Polar Bear
14603	93170	805	[1, 1, 1]	[746446, 764936, 764694]	Wheel of Fortune
14604	90420	465	[1, 1, 1]	[746446, 764936, 764694]	Musashi VI
14605	90980	510	[1, 1, 1]	[746446, 764936, 764694]	"PK-43 ""Sheriff"""
14606	93363	651	[1, 1, 1]	[746446, 764936, 764694]	Mechanoid Variant
14607	93383	301	[1, 1, 1]	[746446, 764936, 764694]	Consciousness Test Subject A
14608	93393	421	[1, 1, 1]	[746446, 764936, 764694]	Consciousness Test Subject B
14609	90750	333	[1, 1, 1]	[746446, 764936, 764694]	Aerial 7 - Snow Owl
14610	90760	293	[1, 1, 1]	[746446, 764936, 764694]	Ground 3 - Rabbit
14611	90770	362	[1, 1, 1]	[746446, 764936, 764694]	Naval 5 - Squid
14612	93373	238	[1, 1, 1]	[746446, 764936, 764694]	Statue Guardian
14613	90620	414	[1, 1, 1]	[746446, 764936, 764694]	Hetero Fire Unit
14614	90970	256	[1, 1, 1]	[746446, 764936, 764694]	M4-Medic Bot
14621	81200	256	[1, 1, 1]	[746446, 764936, 764694]	Musashi IX
14622	81500	256	[1, 1, 1]	[746446, 764936, 764694]	Nozzle
14623	81800	256	[1, 1, 1]	[746446, 764936, 764694]	Vassago
14624	83100	256	[1, 1, 1]	[746446, 764936, 764694]	Camu
14701	90740	465	[1, 1, 1, 1]	[746446, 764936, 712002, 764694]	A'Mao
14702	93170	651	[1, 1, 1, 1]	[746446, 764936, 712002, 764694]	Wheel of Fortune
14703	90980	301	[1, 1, 1, 1]	[746446, 764936, 712002, 764694]	"PK-43 ""Sheriff"""
14704	90760	421	[1, 1, 1, 1]	[746446, 764936, 712002, 764694]	Ground 3 - Rabbit
14705	93363	333	[1, 1, 1, 1]	[746446, 764936, 712002, 764694]	Mechanoid Variant
14706	90970	293	[1, 1, 1, 1]	[746446, 764936, 712002, 764694]	M4-Medic Bot
14801	90740	288	[1, 1, 1]	[746446, 764936, 764694]	A'Mao
14802	93170	728	[1, 1, 1]	[746446, 764936, 764694]	Wheel of Fortune
14803	90980	805	[1, 1, 1]	[746446, 764936, 764694]	"PK-43 ""Sheriff"""
14804	90760	465	[1, 1, 1]	[746446, 764936, 764694]	Ground 3 - Rabbit
14805	93363	301	[1, 1, 1]	[746446, 764936, 764694]	Mechanoid Variant
14806	90970	421	[1, 1, 1]	[746446, 764936, 764694]	M4-Medic Bot
14807	90420	333	[1, 1, 1]	[746446, 764936, 764694]	Musashi VI
14808	90770	362	[1, 1, 1]	[746446, 764936, 764694]	Naval 5 - Squid
14809	90970	238	[1, 1, 1]	[746446, 764936, 764694]	M4-Medic Bot
14901	90980	421	[1, 1, 1]	[746446, 764936, 764694]	"PK-43 ""Sheriff"""
14902	93170	333	[1, 1, 1]	[746446, 764936, 764694]	Wheel of Fortune
14903	93363	667	[1, 1, 1]	[746446, 764936, 764694]	Mechanoid Variant
14904	91032	260	[1, 1, 1]	[746446, 764936, 764694]	Ultimate King Wrench XIV
14905	96160	260	[1, 1, 1, 1]	[746446, 764936, 764694, 781682]	Carrot Device
15101	93653	192	[1, 1, 1]	[746446, 764936, 764694]	Team Soldier
15102	93582	485	[1, 1, 1]	[746446, 764936, 764694]	Candlestick
15103	93473	536	[1, 1, 1]	[746446, 764936, 764694]	Rogue Assassin
15104	93482	340	[1, 1, 1]	[746446, 764936, 764694]	Aurora Guardian
15105	90380	201	[1, 1, 1]	[746446, 764936, 764694]	Construct
15106	90670	242	[1, 1, 1]	[746446, 764936, 764694]	Kemuri I
15107	90660	159	[1, 1, 1]	[746446, 764936, 764694]	Hanged Man III
15108	90690	276	[1, 1, 1]	[746446, 764936, 764694]	Phecda
15109	90700	171	[1, 1, 1]	[746446, 764936, 764694]	Prime
15110	90750	311	[1, 1, 1]	[746446, 764936, 764694]	Aerial 7 - Snow Owl
15111	90760	445	[1, 1, 1]	[746446, 764936, 764694]	Ground 3 - Rabbit
15112	90770	445	[1, 1, 1]	[746446, 764936, 764694]	Naval 5 - Squid
15113	93020	445	[1, 1, 1]	[746446, 764936, 764694]	SSG-Meanderer
15114	93010	445	[1, 1, 1]	[746446, 764936, 764694]	DB02-Sanitizer
15115	93542	445	[1, 1, 1]	[746446, 764936, 764694]	Aurora Bastion
15301	93653	243	[1, 1, 1]	[746446, 764936, 764694]	Team Soldier
15302	93653	268	[1, 1, 1]	[746446, 764936, 764694]	Candlestick
15303	93582	121	[1, 1, 1]	[746446, 764936, 764694]	Rogue Assassin
15304	93473	156	[1, 1, 1]	[746446, 764936, 764694]	DB02-Sanitizer
15305	93482	194	[1, 1, 1]	[746446, 764936, 764694]	Aurora Guardian
15306	90750	311	[1, 1, 1]	[746446, 764936, 764694]	Aerial 7 - Snow Owl
15307	90670	242	[1, 1, 1]	[746446, 764936, 764694]	Kemuri I
15308	90440	288	[1, 1, 1, 1]	[746446, 764936, 764694, 781681]	Terrapod
15309	90450	728	[1, 1, 1, 1]	[746446, 764936, 764694, 781681]	Polar Soldier
15310	93353	805	[1, 1, 1, 1]	[746446, 764936, 764694, 781681]	Elite Construct
15311	90790	465	[1, 1, 1, 1]	[746446, 764936, 764694, 781681]	Guardian I
15312	90430	510	[1, 1, 1, 1]	[746446, 764936, 764694, 781681]	Musashi IX
15313	93592	651	[1, 1, 1, 1]	[746446, 764936, 764694, 781681]	Fortress Heavy Soldier
15401	93542	281	[1, 1, 1]	[746446, 764936, 764694]	Aurora Bastion
15402	90450	445	[1, 1, 1]	[746446, 764936, 764694]	Polar Soldier
15403	93353	445	[1, 1, 1]	[746446, 764936, 764694]	Elite Construct
15404	91032	260	[1, 1, 1]	[746446, 764936, 764694]	Ultimate King Wrench XIV
15601	90440	288	[1, 1, 1]	[746446, 764936, 764694]	Terrapod
15602	90450	728	[1, 1, 1]	[746446, 764936, 764694]	Polar Soldier
15603	93353	805	[1, 1, 1]	[746446, 764936, 764694]	Elite Construct
15604	90790	465	[1, 1, 1]	[746446, 764936, 764694]	Guardian I
15605	90430	510	[1, 1, 1]	[746446, 764936, 764694]	Musashi IX
15606	93592	651	[1, 1, 1]	[746446, 764936, 764694]	Fortress Heavy Soldier
15607	90870	301	[1, 1, 1]	[746446, 764936, 764694]	Jaspers
15608	90380	421	[1, 1, 1]	[746446, 764936, 764694]	Construct
15609	90660	333	[1, 1, 1]	[746446, 764936, 764694]	Hanged Man III
15610	90690	293	[1, 1, 1]	[746446, 764936, 764694]	Phecda
15611	90700	362	[1, 1, 1]	[746446, 764936, 764694]	Prime
15612	93020	238	[1, 1, 1]	[746446, 764936, 764694]	SSG-Meanderer
15613	93653	414	[1, 1, 1]	[746446, 764936, 764694]	Team Soldier
15614	93482	256	[1, 1, 1]	[746446, 764936, 764694]	Aurora Guardian
15621	837000	256	[1, 1, 1]	[746446, 764936, 764694]	White Shark-speare
15622	837100	256	[1, 1, 1]	[746446, 764936, 764694]	Black Shark-speare
15623	81600	256	[1, 1, 1]	[746446, 764936, 764694]	Roland
15624	81900	256	[1, 1, 1]	[746446, 764936, 764694]	Î±
15701	90430	465	[1, 1, 1, 1]	[746446, 764936, 712002, 764694]	Musashi IX
15702	93353	651	[1, 1, 1, 1]	[746446, 764936, 712002, 764694]	Elite Construct
15703	90440	301	[1, 1, 1, 1]	[746446, 764936, 712002, 764694]	Terrapod
15704	90380	421	[1, 1, 1, 1]	[746446, 764936, 712002, 764694]	Construct
15705	90660	333	[1, 1, 1, 1]	[746446, 764936, 712002, 764694]	Hanged Man III
15706	90700	293	[1, 1, 1, 1]	[746446, 764936, 712002, 764694]	Prime
15801	90430	288	[1, 1, 1]	[746446, 764936, 764694]	Musashi IX
15802	93353	728	[1, 1, 1]	[746446, 764936, 764694]	Elite Construct
15803	90440	805	[1, 1, 1]	[746446, 764936, 764694]	Terrapod
15804	90380	465	[1, 1, 1]	[746446, 764936, 764694]	Construct
15805	90660	301	[1, 1, 1]	[746446, 764936, 764694]	Hanged Man III
15806	90700	421	[1, 1, 1]	[746446, 764936, 764694]	Prime
15807	90690	333	[1, 1, 1]	[746446, 764936, 764694]	Phecda
15808	90450	362	[1, 1, 1]	[746446, 764936, 764694]	Polar Soldier
15809	93653	238	[1, 1, 1]	[746446, 764936, 764694]	Team Soldier
15901	90430	421	[1, 1, 1]	[746446, 764936, 764694]	Musashi IX
15902	93592	333	[1, 1, 1]	[746446, 764936, 764694]	Fortress Heavy Soldier
15903	90870	667	[1, 1, 1]	[746446, 764936, 764694]	Jaspers
15904	91032	260	[1, 1, 1]	[746446, 764936, 764694]	Ultimate King Wrench XIV
15905	96160	260	[1, 1, 1, 1]	[746446, 764936, 764694, 781682]	Carrot Device
16101	93563	259	[1, 1, 1, 1]	[746446, 764936, 715899, 764694]	Abyss Angel
16102	93533	259	[1, 1, 1, 1]	[746446, 764936, 715899, 764694]	Sea Anemone
16103	90460	192	[1, 1, 1, 1]	[746446, 764936, 715899, 764694]	Deep-sea Ambusher
16104	90930	536	[1, 1, 1, 1]	[746446, 764936, 715899, 764694]	Monkfish
16105	93383	281	[1, 1, 1, 1]	[746446, 764936, 715899, 764694]	Consciousness Test Subject A
16106	93393	1539	[1, 1, 1, 1]	[746446, 764936, 715899, 764694]	Consciousness Test Subject B
16107	93653	261	[1, 1, 1, 1]	[746446, 764936, 715899, 764694]	Team Soldier
16108	90380	220	[1, 1, 1, 1]	[746446, 764936, 715899, 764694]	Construct
16109	93482	291	[1, 1, 1, 1]	[746446, 764936, 715899, 764694]	Aurora Guardian
16601	90430	288	[1, 1, 1, 1]	[746446, 764936, 715899, 764694]	Musashi IX
16602	90440	281	[1, 1, 1, 1]	[746446, 764936, 715899, 764694]	Terrapod
16603	90740	325	[1, 1, 1, 1]	[746446, 764936, 715899, 764694]	A'Mao
16604	93170	465	[1, 1, 1, 1]	[746446, 764936, 715899, 764694]	Wheel of Fortune
16605	90910	421	[1, 1, 1, 1]	[746446, 764936, 715899, 764694]	Gear
16606	93070	333	[1, 1, 1, 1]	[746446, 764936, 715899, 764694]	Sanctuary Guard
16607	93030	557	[1, 1, 1, 1]	[746446, 764936, 715899, 764694]	Hetero-Sapien
16608	93553	263	[1, 1, 1, 1]	[746446, 764936, 715899, 764694]	"""Sea Fairy"""
16609	90950	361	[1, 1, 1, 1]	[746446, 764936, 715899, 764694]	Recycle Prisoner
19011	90920	100	[1, 1, 1]	[746446, 764987, 715899]	Frightened Kuroro
19012	91032	260	[1, 1, 1]	[746446, 764987, 715899]	Ultimate King Wrench XIV
19021	90920	100	[1, 1, 1]	[746446, 764987, 715899]	Frightened Kuroro
19022	91032	260	[1, 1, 1]	[746446, 764987, 715899]	Ultimate King Wrench XIV
19031	90920	100	[1, 1, 1]	[746446, 764987, 715899]	Frightened Kuroro
19032	91032	260	[1, 1, 1]	[746446, 764987, 715899]	Ultimate King Wrench XIV
19041	90920	100	[1, 1, 1]	[746446, 764987, 715899]	Frightened Kuroro
19042	91032	260	[1, 1, 1]	[746446, 764987, 715899]	Ultimate King Wrench XIV
19051	90920	100	[1, 1, 1]	[746446, 764987, 715899]	Frightened Kuroro
19052	91032	260	[1, 1, 1]	[746446, 764987, 715899]	Ultimate King Wrench XIV
