Role	Animation	Bone	Layer	OffsetX	OffsetY	OffsetZ	Cos	Sin
Me1GargoyleMd010002	Attack01	Bip001LFinger22		[-1.5586, -2.0441, -2.1888, -2.1631, -2.0652, -1.9173, -1.6125, -1.2667, -0.5397, 0.2102, 0.7126, 1.3061, 1.841, 2.1485, 2.1264, 2.1243, 2.0938, 1.8702, 1.7802, 1.7932, 1.6594, 1.3094, 0.4033, -0.8985, -1.437, -0.7092, 0.4698, 0.9903, 0.7766, 1.2016, 1.3333, 1.2539, 1.2131, 1.1887, 0.867, 0.3454, -0.1056, -0.1878, 0.6829, 1.5162, 1.6489, 1.1527, -0.8379, 0.5499, 2.1495, 1.4211, 0.544, 0.0658, 0.0248, 0.2441, 0.426, 0.49, 0.6182, 0.7843, 0.9362, 1.0593, 1.1655, 1.2684, 1.3774, 1.4876, 1.5389, 1.4764, 1.283, 0.9959, 0.6386, 0.4237, 0.3256, 0.1674, -0.0551, -0.2907, -0.52, -0.7346, -0.9519, -1.0938, -1.3208, -1.4348, -1.4672, -1.565, -1.6542, -1.6807, -1.6652, -1.6335, -1.603, -1.5709, -1.5586]		[1.7125, 1.5909, 1.5643, 1.5156, 1.535, 1.6528, 1.8917, 2.0211, 2.306, 2.4678, 2.2887, 1.9308, 1.4929, 1.16, 1.0668, 0.9355, 0.7642, 0.6448, 0.67, 0.8929, 1.2959, 1.5808, 1.3683, 1.0591, -0.3669, -1.3685, -1.4191, -1.1182, -1.111, -0.6591, 0.0084, 0.4577, 0.1248, -0.242, -0.685, -1.0713, -0.846, -1.2073, -2.0563, -1.5357, -0.8812, -0.3063, 1.8347, 3.8877, 0.4238, -1.5737, -2.2169, -1.9031, -1.5159, -1.5816, -1.3768, -1.2978, -1.2821, -1.2447, -1.1477, -1.0383, -0.9182, -0.772, -0.5859, -0.2977, 0.1041, 0.5954, 1.0802, 1.5041, 1.8401, 1.8848, 1.8236, 1.8001, 1.7647, 1.6366, 1.4423, 1.3029, 1.1699, 1.1095, 1.2082, 1.3882, 1.4879, 1.4732, 1.4797, 1.4231, 1.4009, 1.4596, 1.5731, 1.6804, 1.7125]	[-0.43456, -0.729329, -0.882368, -0.929402, -0.956096, -0.968289, -0.96438, -0.897455, -0.414166, 0.149109, 0.535461, 0.470101, 0.051939, -0.44456, -0.255172, -0.130982, -0.203177, -0.272314, -0.258107, -0.365241, -0.690897, -0.786669, -0.8747, -0.959611, -0.435704, 0.163285, 0.683233, 0.941988, 0.860111, 0.632042, 0.477179, 0.295634, -0.059574, 0.193808, 0.612543, 0.943343, -0.692406, -0.83091, -0.955849, -0.79559, -0.832506, -0.813751, -0.360202, -0.310108, -0.413675, 0.005657, 0.481096, 0.673147, 0.58212, 0.626885, 0.475243, 0.11163, 0.121565, 0.144142, 0.099037, 0.034566, -0.035545, -0.121848, -0.227493, -0.372963, -0.552709, -0.739959, -0.887512, -0.974755, -0.99995, -0.998943, -0.999882, -0.99885, -0.989811, -0.957043, -0.9166, -0.90741, -0.924999, -0.952863, -0.912964, -0.736868, -0.691334, -0.704832, -0.574709, -0.565033, -0.5747, -0.54155, -0.500657, -0.451495, -0.43456]	[-0.900643, -0.684163, -0.47056, -0.36907, -0.293052, -0.249832, -0.26452, -0.441107, -0.910202, -0.988821, -0.84456, -0.882613, -0.99865, -0.895749, -0.966896, -0.991385, -0.979142, -0.962209, -0.966116, -0.930913, -0.722954, -0.617375, -0.484665, 0.28133, 0.90009, 0.986579, 0.730201, 0.335647, -0.510107, -0.774934, -0.878806, -0.955301, -0.998224, -0.981039, -0.790437, -0.33182, 0.721508, 0.556408, -0.293858, -0.605836, -0.554016, -0.581213, -0.932875, -0.950701, -0.910425, -0.999984, -0.876668, -0.739508, -0.813103, -0.779112, -0.879855, -0.99375, -0.992584, -0.989557, -0.995084, -0.999402, -0.999368, -0.992549, -0.97378, -0.927846, -0.833374, -0.672652, -0.460785, -0.223277, 0.010034, 0.045977, -0.015388, -0.047956, -0.14239, -0.289947, -0.399807, -0.420247, -0.37997, -0.3034, -0.408041, -0.676036, -0.722535, -0.709374, -0.818358, -0.825069, -0.818364, -0.840669, -0.865646, -0.892274, -0.900643]
Me1GargoyleMd010002	Attack01	Bip001RFinger22		[1.7994, 2.2934, 2.6252, 2.679, 2.5848, 2.3916, 2.1553, 1.9305, 1.5335, 0.6755, -0.1305, -0.6954, -1.2091, -1.4012, -1.2803, -1.2317, -1.3171, -1.3812, -1.448, -1.4923, -1.4736, -1.4809, -1.436, -0.7842, 0.1907, 1.4623, 0.2111, -3.2079, -0.9699, 0.9979, 0.8018, 0.7171, 0.5828, 0.584, 0.3805, 0.0109, -0.4019, -0.6579, -0.6251, -0.3528, -0.1405, 0.2306, 0.9965, 1.5795, 1.6377, 0.8642, -0.0711, -0.5851, -0.7789, -0.7495, -0.7061, -0.4156, -0.1518, 0.1089, 0.3447, 0.5552, 0.7344, 0.881, 1.0223, 1.1406, 1.2304, 1.2977, 1.3232, 1.2994, 1.2379, 1.1045, 1.1106, 1.0668, 1.098, 1.1036, 1.1309, 1.2111, 1.2755, 1.4654, 1.6461, 1.9174, 2.0695, 2.1427, 2.1787, 2.0481, 1.8686, 1.8214, 1.8098, 1.8038, 1.7994]		[1.0405, 0.6278, 0.3202, 0.0519, -0.1488, -0.389, -0.7884, -1.3289, -1.9569, -2.1527, -1.4554, -0.7463, -0.154, 0.4454, 0.4923, 0.4908, 0.51, 0.515, 0.4947, 0.4209, 0.3299, 0.0943, -0.0861, -0.8977, -1.0135, 1.2488, 3.7932, 1.0577, -2.3781, -0.9007, -0.1986, -0.0764, -0.155, -0.2238, -0.4252, -0.5691, -0.4754, -0.0973, 0.693, 1.3529, 1.5699, 1.6113, 1.2494, 0.3939, -0.4727, -1.287, -1.445, -1.155, -0.9832, -0.9408, -1.3223, -1.6665, -1.8085, -1.8348, -1.7306, -1.5384, -1.3261, -1.1242, -0.9301, -0.7546, -0.5816, -0.3976, -0.2073, -0.0206, 0.1357, 0.1984, 0.2034, 0.2726, 0.2716, 0.2701, 0.2662, 0.307, 0.4171, 0.5966, 0.8675, 1.0603, 1.1853, 1.2715, 1.2502, 1.079, 0.8916, 0.8814, 0.9452, 1.0177, 1.0405]	[0.895467, 0.950158, 0.986832, 0.999181, 0.973337, 0.891921, 0.690681, 0.375792, 0.086309, 0.341712, 0.851154, 0.879989, 0.840414, 0.837834, 0.883069, 0.894027, 0.89816, 0.890283, 0.886993, 0.88035, 0.876599, 0.952226, 0.995333, 0.789176, 0.513827, 0.495083, 0.2174, 0.400647, 0.091486, -0.808043, -0.985844, -0.940619, -0.980589, -0.964851, -0.158495, 0.166333, 0.022388, -0.256221, 0.778422, 0.858572, 0.767274, 0.688198, 0.601106, 0.461707, 0.214561, -0.101335, -0.456059, -0.715145, -0.811864, -0.679198, -0.799296, -0.892127, -0.877589, -0.823403, -0.727975, -0.553681, -0.369231, -0.325182, -0.32966, -0.176677, 0.062872, 0.319856, 0.552062, 0.742399, 0.888682, 0.926287, 0.953793, 0.969305, 0.985202, 0.990169, 0.993022, 0.998534, 0.998805, 0.978704, 0.942466, 0.924705, 0.907838, 0.882612, 0.877123, 0.91804, 0.93891, 0.931436, 0.917907, 0.901379, 0.895467]	[-0.445128, -0.311769, -0.161751, 0.040465, 0.229378, 0.452192, 0.72316, 0.926704, 0.996268, 0.939805, 0.524916, 0.474995, 0.541945, 0.545926, 0.469244, 0.448013, 0.43967, 0.455407, 0.461784, 0.474325, 0.481222, 0.305396, -0.096501, -0.614167, -0.857894, -0.868846, -0.976083, -0.916233, -0.995806, -0.589123, 0.167663, 0.339463, 0.196076, 0.262799, 0.98736, 0.98607, 0.999749, 0.966618, 0.627741, 0.512693, 0.64132, 0.725523, 0.799169, 0.887032, 0.976711, 0.994852, 0.88995, 0.698976, 0.583847, 0.733955, 0.600937, 0.451785, 0.479415, 0.567457, 0.685604, 0.832729, 0.929338, 0.945652, 0.9441, 0.984269, 0.998022, 0.947466, 0.833803, 0.669958, 0.458524, 0.376819, 0.300465, 0.24586, 0.1714, 0.139873, 0.117933, 0.054127, -0.048865, -0.205279, -0.334302, -0.380685, -0.41932, -0.470103, -0.480267, -0.396488, -0.344163, -0.363906, -0.396795, -0.433032, -0.445127]
Me1GargoyleMd010002	Attack04	Bip001LFinger22		[-1.5586, -2.787, -3.0395, -2.8753, -3.2998, -1.4514, 2.4928, 2.2972, 2.163, 2.0671, 2.0685, 2.0871, 2.0588, 1.8235, 1.0512, 1.174, 0.1053, -0.2993, -0.1739, -0.6339, -1.9439, -2.5524, -1.5731, 0.8897, 2.3959, 2.0227, 1.4183, 1.0478, 0.7707, 0.5724, 0.4673, 0.5504, 0.7518, 0.6016, -0.019, 0.5631, 0.6072, 0.5016, 0.3837, 0.2914, 0.2425, 0.3603, 0.6031, 0.8944, 1.2034, 1.5249, 1.8169, 2.0453, 2.0079, 1.6651, 1.1436, 0.5495, -0.0151, -0.7275, -1.0307, -1.1168, -1.1841, -1.2503, -1.304, -1.3225, -1.1959, -1.2069, -1.1959, -1.2227, -1.1965, -1.1681, -1.1537, -1.1068, -1.1308, -1.1115, -1.1963, -1.3335, -1.4106, -1.4581, -1.5336, -1.5758, -1.5621, -1.5586]		[1.7125, 0.1555, -0.8289, -0.9419, 0.2999, 2.086, 0.3853, -0.1149, -0.0895, 0.2586, 0.2805, 0.207, 0.135, 0.4082, 0.5561, -0.5869, -1.3677, -1.69, -1.9525, -2.2329, -1.7193, 0.0043, 1.5893, 2.1149, 1.6698, 0.8488, 0.0889, -0.1497, -0.2309, -0.302, -0.3105, 0.0017, 0.6318, 0.9111, 0.8764, 0.4182, 0.3194, 0.2784, 0.2512, 0.2313, 0.2243, 0.161, 0.0447, -0.0658, -0.108, -0.0262, 0.1913, 0.6985, 1.4788, 2.1415, 2.5758, 2.8662, 2.6347, 1.7373, 1.2834, 1.2294, 1.1965, 1.1393, 1.0653, 1.0316, 1.0829, 1.1838, 1.2106, 1.2269, 1.3085, 1.368, 1.3335, 1.4067, 1.4967, 1.6508, 1.6921, 1.5817, 1.6047, 1.7366, 1.7664, 1.7663, 1.7417, 1.7125]	[-0.434559, -0.885589, -0.887257, -0.338085, -0.295463, 0.550317, 0.719498, 0.679048, 0.499208, 0.173754, 0.056695, -0.021162, 0.109542, 0.835167, 0.999177, 0.252246, -0.526565, -0.512659, -0.280688, -0.475772, -0.86776, -0.977873, -0.619005, 0.275563, 0.96422, 0.620477, 0.140563, -0.198367, -0.390344, -0.370709, -0.255918, -0.07434, 0.135185, 0.102281, 0.108046, -0.035147, -0.195765, -0.251771, -0.346192, -0.470693, -0.584985, -0.581067, -0.507784, -0.387266, -0.201514, 0.054958, 0.323185, 0.609277, 0.897979, 0.999769, 0.936761, 0.73521, 0.532496, 0.200511, -0.076332, -0.145428, -0.181504, -0.179161, -0.164219, -0.157235, -0.133881, -0.16331, -0.158613, -0.160249, -0.295944, -0.394612, -0.322246, -0.247944, -0.282738, -0.36795, -0.538205, -0.71632, -0.648744, -0.454806, -0.400929, -0.395661, -0.413824, -0.434559]	[-0.900643, -0.464471, 0.461276, 0.941116, 0.955354, -0.834956, 0.694495, 0.734094, 0.866482, 0.984789, 0.998392, 0.999776, 0.993982, 0.549996, -0.040553, 0.967663, 0.850135, 0.858592, 0.959799, 0.879569, 0.496984, -0.2092, -0.785387, -0.961283, 0.265103, 0.784225, 0.990072, 0.980128, 0.920669, 0.928749, 0.966698, 0.997233, 0.99082, 0.994756, 0.994146, 0.999382, 0.980651, 0.967787, 0.938164, 0.882297, 0.811045, 0.813856, 0.861484, 0.921968, 0.979486, 0.998489, 0.946336, 0.792957, 0.440039, 0.02149, -0.349969, -0.677839, -0.846433, -0.979691, -0.997083, -0.989369, -0.98339, -0.98382, -0.986424, -0.987561, -0.990997, -0.986575, -0.987341, -0.987077, -0.955205, -0.918848, -0.946656, -0.968775, -0.959197, -0.929846, -0.842814, -0.697772, -0.761007, -0.89059, -0.916109, -0.918397, -0.910357, -0.900643]
Me1GargoyleMd010002	Attack04	Bip001RFinger22		[1.7994, 2.7909, 2.7411, 2.6465, 3.2362, 3.526, 1.0084, -0.1742, -0.4472, -0.2584, -0.32, -0.3816, -0.394, -0.5986, -0.9415, 0.7979, 1.0573, -0.2101, -0.716, -0.4132, -0.1214, 0.1304, 0.5563, 1.0307, 1.334, 1.4695, 1.4496, 1.3473, 1.2388, 1.1432, 1.0619, 1.0498, 1.159, 1.0786, 0.6861, 0.1828, -0.786, -0.8598, -0.9293, -1.0497, -0.9629, -0.9347, -0.9529, -0.8956, -0.772, -0.6191, -0.3826, -0.0261, 0.4224, 0.8757, 1.2469, 1.5749, 1.6532, 1.6012, 1.5338, 1.5125, 1.5021, 1.5003, 1.4957, 1.4778, 1.4428, 1.4167, 1.3918, 1.3681, 1.3391, 1.3204, 1.2278, 1.162, 1.1084, 1.0421, 1.0611, 1.2549, 1.54, 1.7887, 1.888, 1.8714, 1.8381, 1.7994]		[1.0405, -0.709, -1.6578, -1.8115, -0.94, 1.051, 2.908, 2.5, 2.4405, 2.5346, 2.3883, 2.1855, 1.9977, 1.9101, 1.1995, 1.2602, -0.2885, -0.9127, 0.1286, 0.733, 0.9966, 1.171, 1.2157, 1.047, 0.8357, 0.5999, 0.3732, 0.2107, 0.0986, 0.0212, 0.0005, 0.268, 0.8579, 0.8744, 0.8173, 0.6125, 0.102, 0.0621, 0.0786, 0.1213, 0.1858, 0.2323, 0.245, 0.2477, 0.2242, 0.1894, 0.1415, 0.0919, 0.0816, 0.1405, 0.1294, 0.2169, 0.3224, 0.323, 0.3105, 0.3154, 0.3295, 0.3436, 0.3514, 0.3594, 0.3941, 0.4301, 0.4518, 0.4941, 0.5384, 0.5898, 0.7354, 0.9815, 1.1194, 0.9968, 0.8461, 0.8032, 0.8866, 0.9952, 0.9614, 0.9572, 1.0051, 1.0405]	[0.895467, 0.995021, 0.784965, 0.60663, 0.681203, 0.499554, -0.010274, -0.586711, -0.859179, -0.930212, -0.95246, -0.965347, -0.972855, -0.973138, -0.869248, 0.012683, 0.992337, 0.386637, -0.124197, -0.709438, -0.960507, -0.654767, -0.317831, 0.008204, 0.210007, 0.397106, 0.569003, 0.706891, 0.816382, 0.890099, 0.927442, 0.892479, 0.491321, 0.296495, 0.813521, 0.847607, 0.388409, 0.600398, 0.654801, 0.64833, 0.750319, 0.813362, 0.834115, 0.839132, 0.828307, 0.791633, 0.783767, 0.846017, 0.930547, 0.994817, 0.88316, 0.370485, 0.184601, 0.197159, 0.229196, 0.234261, 0.227719, 0.225972, 0.225852, 0.234779, 0.240367, 0.24754, 0.264376, 0.276354, 0.308084, 0.352772, 0.332296, 0.285442, 0.330994, 0.514856, 0.707773, 0.798603, 0.79547, 0.792497, 0.858463, 0.892919, 0.896938, 0.895467]	[-0.445128, 0.099664, 0.619541, 0.794985, 0.732094, -0.866283, -0.999947, -0.809797, -0.511676, -0.367022, -0.304663, -0.260971, -0.231414, -0.230223, -0.494377, -0.99992, 0.123565, 0.922232, 0.992258, 0.704768, -0.278257, -0.755831, -0.948148, -0.999966, -0.9777, -0.917773, -0.822336, -0.707323, -0.577513, -0.455767, -0.373968, -0.45109, -0.870978, -0.955035, -0.581536, 0.530625, 0.921487, 0.799702, 0.755802, 0.76136, 0.661077, 0.581758, 0.551591, 0.543928, 0.560275, 0.610997, 0.621055, 0.533156, 0.366173, 0.101684, -0.469072, -0.928838, -0.982814, -0.980371, -0.97338, -0.972174, -0.973727, -0.974134, -0.974162, -0.972049, -0.970682, -0.968878, -0.96442, -0.961056, -0.951359, -0.935709, -0.943175, -0.958396, -0.943633, -0.857277, -0.70644, -0.601858, -0.605993, -0.609876, -0.512876, -0.450218, -0.442157, -0.445127]
Me1GargoyleMd010002	Attack06	Bip001LFinger22		[-1.5586, -1.5465, -1.5084, -1.535, -1.5846, -1.6935, -1.856, -2.0328, -2.1565, -2.1913, -2.1584, -2.0736, -1.9787, -1.8913, -1.7948, -1.706, -1.6512, -1.7296, -2.0865, -2.6317, -2.6559, -2.422, -2.3362, -2.3456, -2.3437, -2.3337, -2.3199, -2.3131, -2.3138, -2.323, -2.3339, -2.3342, -2.2949, -2.2099, -2.1064, -2.0335, -2.1811, -2.1308, -1.9656, -1.9107, -1.85, -1.811, -1.7863, -1.775, -1.7817, -1.8785, -2.0755, -2.1079, -2.063, -2.0347, -2.018, -2.0395, -2.0784, -2.1197, -2.1407, -2.1098, -2.0198, -1.8641, -1.6752, -1.491, -1.3294, -1.2226, -1.1941, -1.329, -1.531, -1.7118, -1.8449, -1.9125, -1.922, -1.7948, -1.626, -1.5358, -1.5132, -1.5283, -1.5495, -1.5586]		[1.7125, 1.6543, 1.5974, 1.6049, 1.6666, 1.6739, 1.611, 1.4873, 1.3846, 1.3962, 1.4673, 1.5576, 1.6184, 1.6254, 1.6085, 1.5755, 1.5339, 1.496, 1.4333, 1.1893, 0.9549, 1.0765, 1.2221, 1.248, 1.2718, 1.2933, 1.3163, 1.3422, 1.3761, 1.4295, 1.5005, 1.5709, 1.5995, 1.6036, 1.6014, 1.6161, 1.4633, 1.3209, 1.2471, 1.2341, 1.253, 1.2702, 1.2875, 1.302, 1.3221, 1.301, 1.2808, 1.4083, 1.4286, 1.3972, 1.38, 1.375, 1.3661, 1.3687, 1.3981, 1.4843, 1.6396, 1.8588, 2.0928, 2.2992, 2.4482, 2.5181, 2.5027, 2.3745, 2.2083, 1.8929, 1.186, 1.2062, 2.0374, 2.0235, 1.8253, 1.7138, 1.6929, 1.7017, 1.7102, 1.7125]	[-0.434559, -0.426149, -0.431365, -0.572947, -0.758404, -0.949415, -0.960238, -0.506006, -0.009903, 0.209768, 0.312107, 0.35654, 0.380098, 0.380673, 0.356712, 0.319373, 0.291733, 0.303329, 0.400983, 0.632987, 0.690835, 0.692341, 0.726957, 0.758712, 0.767081, 0.768678, 0.767503, 0.76068, 0.746794, 0.717208, 0.668273, 0.599236, 0.514556, 0.394152, 0.212323, -0.475087, -0.991235, -0.996428, -0.978512, -0.972475, -0.967419, -0.962438, -0.957166, -0.951172, -0.927406, -0.915805, -0.999574, -0.927721, -0.890898, -0.877088, -0.875738, -0.883906, -0.895774, -0.911787, -0.929855, -0.950209, -0.974546, -0.997285, -0.988372, -0.913496, -0.79963, -0.752497, -0.872284, -0.961552, -0.681246, -0.554005, -0.543198, -0.524478, -0.514852, -0.52502, -0.528504, -0.514271, -0.495198, -0.471465, -0.449437, -0.434559]	[-0.900643, -0.904653, -0.902178, -0.819593, -0.651784, -0.314023, 0.279183, 0.86253, 0.999951, 0.977751, 0.950047, 0.93428, 0.924946, 0.92471, 0.934215, 0.947629, 0.9565, 0.952886, 0.916086, 0.774162, 0.723013, 0.72157, 0.686683, 0.651426, 0.64155, 0.639636, 0.641045, 0.649127, 0.665056, 0.696859, 0.743916, 0.800572, 0.857457, 0.919045, 0.9772, 0.879939, 0.132113, 0.084446, 0.206192, 0.233009, 0.253181, 0.271501, 0.28954, 0.30866, 0.374056, 0.401624, -0.029174, -0.373274, -0.454203, -0.48033, -0.482787, -0.467664, -0.444511, -0.410663, -0.367927, -0.311614, -0.224188, -0.073634, 0.152058, 0.406847, 0.600493, 0.658596, 0.488999, -0.274624, -0.732054, -0.832513, -0.839605, -0.851424, -0.857279, -0.85109, -0.848931, -0.857628, -0.86878, -0.881885, -0.893312, -0.900643]
Me1GargoyleMd010002	Attack06	Bip001RFinger22		[1.7994, 1.7846, 1.7674, 1.7289, 1.6741, 1.6205, 1.5546, 1.4797, 1.4318, 1.4545, 1.5076, 1.5488, 1.5665, 1.5775, 1.5867, 1.5983, 1.6099, 1.6147, 1.5939, 1.4263, 1.2969, 1.3017, 1.3327, 1.352, 1.3544, 1.3519, 1.3569, 1.3583, 1.3558, 1.3655, 1.3904, 1.3994, 1.4297, 1.4975, 1.582, 1.5892, 1.3965, 1.0531, 0.6753, 0.6274, 0.6311, 0.6817, 0.744, 0.7826, 0.7224, 0.6415, 0.9036, 1.3711, 1.703, 1.6996, 1.687, 1.6945, 1.716, 1.7293, 1.7252, 1.6815, 1.6031, 1.497, 1.3828, 1.2695, 1.1635, 1.0714, 0.991, 1.027, 1.3393, 1.6476, 1.9673, 2.0005, 2.0024, 2.01, 1.9054, 1.7955, 1.7674, 1.7736, 1.7922, 1.7994]		[1.0405, 1.0725, 1.103, 1.1316, 1.1466, 1.2306, 1.3447, 1.4515, 1.4992, 1.4527, 1.352, 1.2343, 1.1523, 1.1219, 1.12, 1.1418, 1.1742, 1.2214, 1.3084, 1.4199, 1.4772, 1.4975, 1.5116, 1.5199, 1.5154, 1.5015, 1.4718, 1.4433, 1.4299, 1.4331, 1.4426, 1.4785, 1.5382, 1.6385, 1.7566, 2.0003, 2.0914, 2.2737, 2.2279, 2.1621, 2.1094, 2.0731, 2.043, 2.0244, 2.0365, 2.079, 2.1144, 2.0409, 1.7024, 1.7178, 1.7737, 1.7746, 1.7509, 1.7236, 1.7254, 1.7859, 1.8905, 2.0045, 2.0881, 2.135, 2.1489, 2.1414, 2.0845, 1.7842, 1.2364, 1.0459, 1.0784, 1.2432, 1.388, 1.2888, 1.0994, 1.0162, 1.0021, 1.0169, 1.0332, 1.0405]	[0.895467, 0.887687, 0.880603, 0.885805, 0.901332, 0.891647, 0.865239, 0.830041, 0.808574, 0.818306, 0.844041, 0.871751, 0.887828, 0.891365, 0.889093, 0.879589, 0.864252, 0.823089, 0.739636, 0.809478, 0.84141, 0.842468, 0.836266, 0.832017, 0.828068, 0.811335, 0.790645, 0.777601, 0.780357, 0.817212, 0.889309, 0.981999, 0.966146, 0.682178, 0.297353, 0.074749, 0.021946, 0.026254, 0.020383, 0.007525, -0.000534, -0.002907, -0.003824, -0.003279, -0.005333, 0.020202, 0.05319, -0.016044, -0.052445, -0.075609, -0.099769, -0.107652, -0.113812, -0.116174, -0.110961, -0.098264, -0.091005, -0.085074, -0.068771, -0.034729, 0.01396, 0.091477, 0.302506, 0.931912, 0.818836, 0.5824, 0.665816, 0.516638, 0.408912, 0.548672, 0.725579, 0.811953, 0.848769, 0.867516, 0.883092, 0.895467]	[-0.445128, -0.460447, -0.473854, -0.464059, -0.433128, -0.452732, -0.50136, -0.557703, -0.588395, -0.574783, -0.536278, -0.489949, -0.460175, -0.453287, -0.457727, -0.475735, -0.503059, -0.567913, -0.673007, -0.587151, -0.540398, -0.538746, -0.548324, -0.55475, -0.560627, -0.584582, -0.612276, -0.628758, -0.625334, -0.576337, -0.457306, -0.188887, 0.257997, 0.731186, 0.954768, 0.997202, 0.999759, 0.999655, 0.999792, 0.999972, 1, 0.999996, 0.999993, 0.999995, 0.999986, 0.999796, 0.998584, 0.999871, 0.998624, 0.997138, 0.995011, 0.994189, 0.993502, 0.993229, 0.993825, 0.99516, 0.99585, 0.996375, 0.997632, 0.999397, 0.999903, 0.995807, 0.953148, 0.362686, -0.574028, -0.812902, -0.746117, -0.856204, -0.912574, -0.836038, -0.688139, -0.583723, -0.528764, -0.49741, -0.4692, -0.445128]
Me1GargoyleMd010002	Attack08	Bip001LFinger22		[-1.5586, -1.2541, -0.9196, -0.5794, -0.2299, 0.0825, 0.2384, 0.1594, -0.0674, -0.343, -0.8596, -1.464, -1.9344, -1.8708, -1.6234, 0.7406, 2.2986, 2.3643, 2.1791, 2.11, 2.2858, 2.6335, 3.104, 3.4925, 3.0099, 0.3326, -2.0593, -2.9867, -1.6711, -1.0339, -0.8966, -0.8396, -0.7502, -0.6641, -0.5977, -0.6808, -0.7914, -1.0235, -1.2774, -1.5117, -1.7438, -2.3313, -2.9779, -2.4777, -0.4975, 0.728, 1.0736, 1.0069, 0.7734, 0.2854, -0.3708, -1.0451, -1.5586, -1.5586]		[1.7125, 1.5334, 1.3088, 1.275, 1.3759, 1.6211, 1.8956, 2.1451, 2.3781, 2.6158, 2.6762, 1.7321, 0.6149, 0.0954, 0.7547, 2.1746, 0.9456, -0.0304, -0.6707, -1.0757, -1.1905, -1.0912, -0.657, 0.3446, 2.1524, 3.2827, 2.4497, 0.0649, -1.8484, -1.9883, -1.9724, -1.9616, -1.9465, -1.9456, -1.9754, -2.0233, -2.0513, -2.0251, -1.9719, -1.8796, -1.6941, -1.1669, -0.0036, 1.7894, 2.2235, 1.6604, 1.451, 1.545, 1.789, 2.0654, 2.1651, 2.0179, 1.7125, 1.7125]	[-0.434559, -0.414519, -0.401835, -0.344582, -0.206147, 0.181963, 0.754176, 0.906113, 0.851075, 0.742896, 0.506824, 0.055109, -0.414903, -0.559768, 0.278269, 0.701637, 0.937457, 0.59523, 0.201417, 0.020192, 0.117402, 0.359373, 0.618687, 0.863182, 0.999293, 0.861902, 0.912295, 0.757129, 0.389843, 0.481637, 0.426932, 0.399652, 0.425677, 0.454297, 0.453715, 0.373505, 0.238393, 0.08062, -0.044062, -0.023638, 0.064699, -0.018968, -0.590474, 0.097387, 0.582658, 0.807551, 0.858196, 0.790954, 0.627112, 0.357228, 0.053654, -0.223784, -0.434553, -0.434558]	[-0.900643, -0.910041, -0.915712, -0.938756, -0.978521, -0.983306, -0.656673, -0.423037, -0.525045, -0.669407, -0.862049, -0.99848, -0.909866, -0.828649, -0.960503, -0.712535, 0.348102, 0.803555, 0.979506, 0.999796, 0.993085, 0.933194, 0.785638, 0.504894, -0.037605, -0.507075, -0.409533, 0.653265, 0.920881, 0.876371, 0.904284, 0.916667, 0.904875, 0.89085, 0.891147, 0.927628, 0.971169, 0.996745, 0.999029, 0.999721, 0.997905, 0.99982, 0.807057, -0.995247, -0.812718, -0.589798, -0.513322, -0.611876, -0.778929, -0.934017, -0.99856, -0.974639, -0.900646, -0.900644]
Me1GargoyleMd010002	Attack08	Bip001RFinger22		[1.7994, 2.3154, 2.5694, 2.6682, 2.5846, 1.8679, 0.5116, -0.4884, -0.4072, 0.4081, 1.5624, 1.8263, -0.4674, -0.6381, 0.5888, 0.5659, 0.1674, 0.7532, 1.3812, 1.6343, 1.5638, 1.3675, 1.1814, 1.071, 1.1018, 1.297, 1.2494, 1.0964, 1.8082, 1.7891, 1.776, 1.7986, 1.7859, 1.7933, 1.7649, 1.6688, 1.6604, 1.6343, 1.5904, 1.5515, 1.4432, 1.2765, 1.1538, 0.9797, 0.9028, 1.0198, 1.2638, 1.4167, 1.5315, 1.6073, 1.6867, 1.7474, 1.7994, 1.7994]		[1.0405, 0.6412, 0.2907, 0.1885, 0.4382, 1.0373, 1.3341, 0.8572, 0.0608, -0.6398, 0.4585, 2.5717, 2.6965, 0.4658, 1.8129, 1.9732, 1.945, 1.8627, 1.403, 0.7545, 0.3957, 0.1592, 0.0273, -0.0828, -0.2943, -0.3729, 0.1136, 1.2884, 2.5538, 3.2426, 3.3102, 3.2113, 3.0072, 2.8454, 2.705, 2.6335, 2.5829, 2.4915, 2.3281, 1.9815, 1.5952, 1.3122, 0.8999, 0.238, -0.0264, -0.0157, 0.0995, 0.2429, 0.4209, 0.5916, 0.746, 0.895, 1.0405, 1.0405]	[0.895467, 0.906878, 0.918917, 0.919763, 0.909596, 0.930947, 0.973351, 0.957087, 0.88506, 0.827988, 0.839461, 0.450461, -0.587123, -0.155515, -0.100916, -0.587723, -0.649719, -0.037837, 0.756344, 0.964328, 0.997339, 0.997998, 0.991997, 0.99915, 0.986548, 0.9212, 0.78776, 0.328745, 0.253764, 0.077998, 0.031044, 0.082218, 0.176968, 0.205226, 0.188431, 0.167513, 0.152898, 0.157451, 0.179111, 0.280438, 0.474007, 0.687266, 0.849067, 0.951522, 0.979572, 0.983471, 0.982498, 0.978674, 0.971042, 0.957577, 0.940996, 0.920093, 0.895468, 0.895467]	[-0.445128, -0.421393, -0.394452, -0.392474, -0.415494, -0.365154, -0.229322, -0.289802, -0.465478, -0.560745, -0.543421, -0.892796, -0.809498, -0.987834, -0.994895, -0.809062, -0.760174, -0.999284, -0.654174, -0.264712, -0.072901, 0.063239, 0.126259, 0.041223, -0.163474, -0.389088, -0.615983, -0.944419, -0.967266, -0.996954, -0.999518, -0.996614, -0.984217, -0.978715, -0.982086, -0.98587, -0.988242, -0.987527, -0.983829, -0.959872, -0.880521, -0.726406, -0.528286, -0.30758, -0.201094, -0.181065, -0.186272, -0.205422, -0.238907, -0.288177, -0.338418, -0.391699, -0.445126, -0.445127]
Me1GargoyleMd010002	Attack08	Bip001LCalf		[-0.4006, -0.363, -0.3161, -0.2939, -0.3062, -0.3488, -0.4104, -0.5447, -0.6692, -0.7202, -0.8011, -0.9246, -1.0217, -1.0933, -0.8214, -0.1852, 0.4024, 0.7424, 0.8972, 0.9099, 0.8905, 0.8453, 0.7429, 0.5449, 0.291, 0.0803, -0.2028, -0.5219, -0.7157, -0.681, -0.6127, -0.3931, 0.0424, -0.1241, -0.3785, -0.5294, -0.5371, -0.5642, -0.5863, -0.5865, -0.5738, -0.597, -0.6239, -0.5486, -0.5036, -0.4264, -0.2947, -0.2902, -0.2968, -0.3226, -0.3539, -0.3754, -0.4006, -0.4006]		[0.8048, 0.8418, 0.8643, 0.8904, 0.8259, 0.7126, 0.5958, 0.3702, -0.1047, -0.2798, -0.4038, -0.3816, -0.3451, -0.0071, 0.6546, 0.9561, 0.7878, 0.6888, 0.5253, 0.326, 0.3132, 0.3609, 0.4239, 0.5067, 0.5918, 0.7059, 0.8443, 0.8173, 0.576, 0.5685, 0.6185, 0.6802, 0.5989, 0.7018, 0.7444, 0.7326, 0.7108, 0.7018, 0.7013, 0.7534, 0.775, 0.7417, 0.6687, 0.7229, 0.6729, 0.6412, 0.6382, 0.7164, 0.794, 0.8187, 0.8206, 0.8135, 0.8048, 0.8048]	[0.189611, 0.120679, 0.051758, 0.017471, 0.028201, 0.087198, 0.189986, 0.425206, 0.753022, 0.761365, 0.711959, 0.689091, 0.816521, 0.673739, 0.214438, -0.560299, -0.782274, -0.91025, -0.974579, -0.995685, -0.996174, -0.991489, -0.973054, -0.916872, -0.816142, -0.698741, -0.514117, -0.082431, 0.288314, 0.308486, 0.319444, 0.099619, -0.284158, -0.031345, 0.241079, 0.352275, 0.375596, 0.348641, 0.316267, 0.250449, 0.124728, 0.00478, -0.044323, -0.072868, -0.100844, -0.1378, -0.144112, -0.069719, 0.011702, 0.075728, 0.127649, 0.161572, 0.18961, 0.189611]	[0.981859, 0.992692, 0.99866, 0.999847, 0.999602, 0.996191, 0.981787, 0.905097, 0.657995, 0.648324, 0.702221, 0.724675, 0.577316, 0.738969, 0.976738, 0.82829, 0.622935, 0.414059, 0.224044, 0.092794, 0.087398, 0.130189, 0.230577, 0.399181, 0.577851, 0.715375, 0.85772, 0.996597, 0.957536, 0.951229, 0.947605, 0.995026, 0.958778, 0.999509, 0.970506, 0.935897, 0.926784, 0.937257, 0.94867, 0.96813, 0.992191, 0.999989, 0.999017, 0.997342, 0.994902, 0.99046, 0.989561, 0.997567, 0.999932, 0.997129, 0.991819, 0.986861, 0.981859, 0.981859]
Me1GargoyleMd010002	Attack11	Bip001LFinger22		[-1.5586, -1.4984, -1.451, -1.446, -1.2891, -1.1815, -1.2308, -1.4068, -1.779, -2.0794, -1.9676, -1.9145, -1.8593, -1.8413, -1.839, -1.843, -1.8439, -1.8365, -1.8406, -1.8497, -1.858, -1.8658, -1.8736, -1.8803, -1.8851, -1.8866, -1.885, -1.8268, -1.6624, -1.7588, -1.8119, -1.8324, -1.8594, -1.8295, -1.8328, -1.8327, -1.8432, -1.8528, -1.8685, -1.862, -1.8712, -1.881, -1.8585, -1.8639, -1.8609, -1.8589, -1.8681, -1.8569, -1.8648, -1.8678, -1.8597, -1.8714, -1.8702, -1.8618, -1.8635, -1.861, -1.8611, -1.8607, -1.8579, -1.8635, -1.869, -1.8717, -1.867, -1.8636, -1.8645, -1.8652, -1.8685, -1.8749, -1.88, -1.8824, -1.9279, -2.1352, -2.2657, -2.2774, -2.218, -2.1338, -2.0913, -2.0844, -2.0729, -2.0764, -2.071, -2.0637, -2.0244, -1.9005, -1.8372, -1.7821, -1.686, -1.651, -1.6305, -1.622, -1.6229, -1.6536, -1.6778, -1.6739, -1.6564, -1.6389, -1.6225, -1.6087, -1.5954, -1.5788, -1.5586]		[1.7125, 1.336, 0.7404, 0.62, 1.084, 1.6097, 1.9601, 2.2127, 2.2969, 1.8796, 1.3816, 0.7515, 0.6983, 0.704, 0.6953, 0.6893, 0.6813, 0.6833, 0.6972, 0.7185, 0.7382, 0.7593, 0.7827, 0.8021, 0.8166, 0.8259, 0.8293, 0.6529, 0.4679, 0.3173, 0.278, 0.1837, 0.2101, 0.1758, 0.1863, 0.1972, 0.2034, 0.211, 0.2068, 0.2212, 0.2253, 0.2292, 0.2505, 0.2526, 0.2569, 0.2578, 0.254, 0.2624, 0.262, 0.2674, 0.2731, 0.2676, 0.275, 0.2727, 0.2636, 0.2723, 0.2661, 0.2664, 0.2706, 0.2591, 0.2499, 0.2549, 0.2545, 0.2423, 0.2227, 0.2024, 0.192, 0.1907, 0.1954, 0.208, 0.3298, 0.9131, 1.3511, 1.5102, 1.6277, 1.7428, 1.8578, 1.9539, 2.0586, 2.1238, 2.1424, 2.1266, 2.1455, 2.0078, 1.7566, 1.4715, 1.2642, 1.3245, 1.5004, 1.6522, 1.7277, 1.7585, 1.7689, 1.7667, 1.7604, 1.7544, 1.7508, 1.7431, 1.7345, 1.7255, 1.7125]	[-0.434559, -0.483619, -0.24327, -0.021093, -0.021653, 0.058252, 0.108488, 0.074811, -0.076112, -0.110311, -0.234319, -0.287137, -0.276678, -0.284438, -0.285001, -0.284848, -0.286934, -0.289149, -0.287026, -0.284913, -0.284265, -0.281549, -0.277585, -0.275148, -0.273441, -0.27099, -0.268447, -0.279358, -0.329827, -0.413356, -0.375442, -0.395086, -0.351298, -0.356507, -0.360243, -0.36468, -0.373355, -0.374007, -0.368743, -0.352632, -0.365834, -0.372012, -0.346128, -0.360275, -0.356412, -0.3547, -0.372492, -0.352468, -0.355772, -0.360605, -0.344908, -0.364414, -0.356893, -0.350791, -0.367176, -0.351271, -0.354186, -0.357066, -0.345389, -0.358074, -0.369125, -0.364093, -0.353943, -0.346569, -0.346477, -0.353731, -0.361736, -0.368123, -0.36908, -0.358208, -0.307012, -0.262018, -0.298667, -0.342614, -0.336959, -0.312054, -0.29064, -0.274699, -0.264267, -0.285976, -0.339347, -0.404588, -0.452757, -0.458622, -0.44644, -0.397324, -0.359012, -0.353754, -0.358285, -0.371912, -0.393102, -0.423567, -0.456163, -0.477078, -0.483361, -0.480476, -0.472015, -0.462678, -0.453168, -0.442945, -0.434559]	[-0.900643, -0.875279, -0.969959, -0.999778, -0.999766, -0.998302, -0.994098, -0.997198, -0.997099, -0.993897, -0.97216, -0.957889, -0.960963, -0.958695, -0.958527, -0.958573, -0.95795, -0.957284, -0.957923, -0.958554, -0.958746, -0.959547, -0.960701, -0.961402, -0.961889, -0.962582, -0.963294, -0.960187, -0.944041, -0.910569, -0.926846, -0.918644, -0.936264, -0.934293, -0.932859, -0.931133, -0.927689, -0.927426, -0.929531, -0.935762, -0.93068, -0.928228, -0.938187, -0.932846, -0.934329, -0.93498, -0.928036, -0.935824, -0.934573, -0.932719, -0.938637, -0.931237, -0.934146, -0.936454, -0.930152, -0.936274, -0.935175, -0.934079, -0.93846, -0.933693, -0.92938, -0.931363, -0.935267, -0.938025, -0.938059, -0.935347, -0.932281, -0.929777, -0.929398, -0.933642, -0.951706, -0.965063, -0.954358, -0.939476, -0.94152, -0.950064, -0.956833, -0.96153, -0.96445, -0.958237, -0.940661, -0.914499, -0.891634, -0.888632, -0.894813, -0.917678, -0.933333, -0.935339, -0.933612, -0.928268, -0.919495, -0.905865, -0.889897, -0.878861, -0.875421, -0.877008, -0.88159, -0.886526, -0.891425, -0.896549, -0.900643]
Me1GargoyleMd010002	Attack11	Bip001RFinger22		[1.7994, 1.8132, 1.827, 1.837, 1.8488, 1.9305, 2.0729, 2.0835, 1.9237, 1.6544, 1.1452, 1.0105, 0.9065, 0.9096, 0.8913, 0.8944, 0.8979, 0.9054, 0.9047, 0.9026, 0.8998, 0.8909, 0.8793, 0.8674, 0.8582, 0.8533, 0.8513, 0.926, 0.9766, 0.9986, 0.7977, 0.7791, 0.7702, 0.7898, 0.7872, 0.7963, 0.7951, 0.7825, 0.7828, 0.788, 0.7825, 0.7854, 0.7937, 0.7916, 0.7968, 0.7969, 0.7995, 0.808, 0.8063, 0.802, 0.8054, 0.7993, 0.8061, 0.8087, 0.8074, 0.8144, 0.8112, 0.8113, 0.8155, 0.8136, 0.8125, 0.8145, 0.8122, 0.8126, 0.8135, 0.8154, 0.8213, 0.8245, 0.8221, 0.8084, 0.7588, 0.7032, 0.6894, 0.6796, 0.7234, 0.8298, 0.942, 1.1344, 1.3167, 1.5766, 1.7923, 1.8807, 1.8275, 1.7544, 1.7443, 1.7973, 1.8374, 1.8394, 1.8193, 1.7893, 1.7784, 1.7855, 1.7816, 1.772, 1.7672, 1.7654, 1.7685, 1.7733, 1.7801, 1.7891, 1.7994]		[1.0405, 0.6142, 0.1636, -0.0553, -0.1361, 0.1252, 0.6726, 1.0016, 0.916, 0.9633, 2.3074, 1.6313, 1.9411, 1.9724, 1.9809, 1.9565, 1.9375, 1.9403, 1.9444, 1.9496, 1.9565, 1.9642, 1.9693, 1.9758, 1.9859, 1.99, 1.9908, 1.9175, 1.7911, 1.7405, 1.6341, 1.6102, 1.5636, 1.5358, 1.5472, 1.5483, 1.5622, 1.567, 1.565, 1.5789, 1.5828, 1.5841, 1.589, 1.5954, 1.5987, 1.6031, 1.6047, 1.6015, 1.6014, 1.6107, 1.6188, 1.6261, 1.6229, 1.6269, 1.6291, 1.6255, 1.6201, 1.6236, 1.6319, 1.6176, 1.6116, 1.6166, 1.6152, 1.6055, 1.5862, 1.5641, 1.5509, 1.5485, 1.5524, 1.5744, 1.8049, 2.5982, 2.7876, 2.8844, 2.9766, 3.0814, 3.1371, 3.1176, 3.0658, 2.7658, 2.2823, 1.7427, 1.3564, 1.1953, 1.1201, 1.0942, 1.0767, 1.1186, 1.1863, 1.224, 1.2111, 1.1533, 1.0965, 1.057, 1.0325, 1.0317, 1.0326, 1.0362, 1.0408, 1.0433, 1.0405]	[0.895467, 0.782462, 0.657938, 0.567999, 0.533498, 0.499933, 0.498792, 0.475837, 0.393004, 0.26632, 0.10165, -0.067795, -0.259162, -0.282642, -0.278632, -0.271486, -0.262604, -0.263946, -0.268983, -0.275529, -0.281663, -0.279776, -0.269496, -0.252019, -0.229167, -0.198171, -0.1648, -0.130017, -0.104936, -0.004733, -0.044136, -0.018713, -0.001522, -0.003324, -0.008704, -0.010297, -0.012728, -0.008643, 0.010156, -0.000486, 0.011773, 0.022006, -0.000309, 0.012022, 0.003733, -0.010141, -0.005968, -0.022449, -0.014817, -0.018194, -0.055874, -0.039273, -0.055117, -0.088945, -0.089227, -0.093193, -0.082938, -0.092651, -0.139559, -0.115784, -0.092111, -0.101301, -0.120004, -0.133069, -0.129118, -0.109589, -0.084901, -0.064593, -0.058788, -0.085544, -0.18056, -0.220243, -0.182463, -0.230352, -0.240024, -0.220369, -0.190338, -0.118408, -0.083832, 0.018, 0.117056, 0.199436, 0.258383, 0.329938, 0.425207, 0.51373, 0.588348, 0.655007, 0.711535, 0.752542, 0.790675, 0.833422, 0.869359, 0.89134, 0.90228, 0.904136, 0.904355, 0.902739, 0.900237, 0.897572, 0.895467]	[-0.445128, -0.622698, -0.753072, -0.82303, -0.845801, -0.866064, -0.866722, -0.879534, -0.919537, -0.963885, -0.99482, -0.997699, -0.965834, -0.959226, -0.960398, -0.962443, -0.964904, -0.964538, -0.963145, -0.961293, -0.959513, -0.960065, -0.963002, -0.967722, -0.973387, -0.980167, -0.986327, -0.991512, -0.994479, -0.999989, -0.999026, -0.999825, -0.999999, -0.999995, -0.999962, -0.999947, -0.999919, -0.999963, -0.999948, -1, -0.999931, -0.999758, -1, -0.999928, -0.999993, -0.999949, -0.999982, -0.999748, -0.99989, -0.999835, -0.998438, -0.999229, -0.99848, -0.996037, -0.996011, -0.995648, -0.996555, -0.995699, -0.990214, -0.993275, -0.995749, -0.994856, -0.992773, -0.991107, -0.991629, -0.993977, -0.996389, -0.997912, -0.998271, -0.996334, -0.983564, -0.975445, -0.983213, -0.973107, -0.970767, -0.975417, -0.981719, -0.992965, -0.99648, -0.999838, -0.993125, -0.979911, -0.966043, -0.944003, -0.905096, -0.857952, -0.808608, -0.755623, -0.702651, -0.658544, -0.612236, -0.552638, -0.494182, -0.453336, -0.43115, -0.427245, -0.42678, -0.430188, -0.4354, -0.440869, -0.445127]
Me1GargoyleMd010002	Attack13	Bip001LFinger22		[-1.5586, -1.7078, -1.8614, -2.0902, -1.9319, -1.673, -1.3085, -1.2341, -1.2968, -0.9355, -0.5244, -0.4582, -0.4245, -0.429, -0.4486, -0.4661, -2.1812, -1.5069, 2.1722, 0.9521, -0.6047, -0.4088, 0.4577, 0.7765, 0.6734, 0.583, 0.4822, 0.1004, -0.2411, -0.343, -0.6765, -1.3287, -1.9328, -2.0688, -2.0178, -1.9979, -2.1065, -2.2228, -1.333, -0.5236, -0.9189, -1.1587, -1.012, -1.0094, -0.9879, -0.9486, -0.9162, -0.9054, -0.8987, -0.895, -0.8978, -0.9161, -0.9493, -0.9918, -1.0364, -1.1456, -1.2917, -1.4469, -1.5803, -1.6642, -1.6981, -1.6718, -1.6718, -1.6334, -1.526, -1.3728, -1.239, -1.2162, -1.2726, -1.4679, -1.6407, -1.6254, -1.4799, -1.3906, -1.3493, -1.3563, -1.3793, -1.4055, -1.4304, -1.4692, -1.5095, -1.5412, -1.5586, -1.5586]		[1.7125, 0.6547, 0.1726, 0.1482, 0.1179, 0.4689, 1.2136, 2.2377, 2.6403, 2.8201, 2.7338, 2.7833, 2.866, 2.9626, 3.0398, 3.0414, 1.9296, -2.0758, -0.697, 2.0739, 2.2651, 2.5497, 2.7552, 2.7471, 2.5964, 2.3729, 2.23, 2.0791, 1.9559, 1.9399, 1.7194, 1.2494, 0.9735, 1.0652, 1.0244, 0.8458, 0.6582, 0.6865, 1.1128, 0.9963, 0.9259, 0.7634, 0.9973, 1.035, 1.0862, 1.1157, 1.1412, 1.1678, 1.1926, 1.2102, 1.2182, 1.2288, 1.2244, 1.2071, 1.1785, 1.1276, 1.0401, 0.9118, 0.7622, 0.6088, 0.4664, 0.3527, 0.2756, 0.0877, -0.1548, -0.3528, -0.4638, -0.4853, -0.4199, -0.1623, 0.3531, 1.0424, 1.6045, 1.9287, 2.0926, 2.1241, 2.1069, 2.0971, 2.0642, 1.9967, 1.9038, 1.8038, 1.7125, 1.7125]	[-0.434559, -0.318247, -0.177038, -0.166895, -0.115081, -0.096347, -0.143495, -0.307056, -0.217016, -0.14364, -0.179768, -0.160124, -0.125917, -0.089527, -0.063762, -0.064672, -0.743523, -0.483525, 0.98557, 0.386086, -0.002262, 0.389253, 0.7282, 0.816364, 0.842737, 0.839602, 0.781827, 0.604756, 0.346814, 0.267969, 0.131001, 0.03874, 0.026452, -0.207652, -0.658788, -0.866761, -0.905526, -0.804849, -0.047676, 0.448479, 0.286739, 0.035396, -0.090253, -0.159946, -0.13137, -0.088555, -0.064712, -0.069486, -0.074071, -0.07737, -0.085267, -0.101292, -0.12294, -0.149359, -0.178094, -0.222763, -0.281809, -0.343237, -0.393923, -0.424692, -0.435439, -0.419805, -0.392759, -0.38904, -0.397639, -0.405131, -0.403, -0.386706, -0.370521, -0.3982, -0.456563, -0.470397, -0.426433, -0.383228, -0.362376, -0.366868, -0.377783, -0.384585, -0.393302, -0.403785, -0.416442, -0.427332, -0.434559, -0.434559]	[-0.900643, -0.948008, -0.984204, -0.985975, -0.993356, -0.995348, -0.989651, -0.951691, -0.976168, -0.98963, -0.983709, -0.987097, -0.992041, -0.995984, -0.997965, -0.997907, -0.668711, 0.875331, 0.169267, -0.922463, -0.999997, -0.921131, -0.685364, -0.577538, -0.538326, -0.543203, -0.623496, -0.796411, -0.937934, -0.963428, -0.991382, -0.999249, -0.99965, -0.978203, -0.752328, -0.498725, -0.424291, -0.593479, -0.998863, -0.893793, -0.958009, -0.999373, -0.995919, -0.987126, -0.991333, -0.996071, -0.997904, -0.997583, -0.997253, -0.997003, -0.996358, -0.994857, -0.992414, -0.988783, -0.984013, -0.974873, -0.959471, -0.939249, -0.919144, -0.905338, -0.900219, -0.907615, -0.919641, -0.921221, -0.917542, -0.914259, -0.9152, -0.922203, -0.928824, -0.917299, -0.889691, -0.882455, -0.904519, -0.923654, -0.932032, -0.930273, -0.925894, -0.923089, -0.919409, -0.914854, -0.909162, -0.904095, -0.900644, -0.900643]
Me1GargoyleMd010002	Attack13	Bip001RFinger22		[1.7994, 1.6277, 1.9932, 2.4838, 2.5653, 2.2907, 1.6786, 1.557, 1.5974, 1.6312, 1.6423, 1.6343, 1.6027, 1.5713, 1.5652, 1.6203, 1.6852, -1.0267, -0.8028, 1.5241, 1.1086, 0.7311, 0.7559, 0.931, 1.1351, 1.5274, 1.932, 2.1688, 2.4602, 2.8417, 3.1858, 3.355, 3.2379, 3.0545, 2.858, 2.6514, 2.5249, 2.6291, 2.6268, 1.6985, 0.1053, -1.0455, -0.9927, -0.9424, -0.9099, -0.9125, -0.9251, -0.9253, -0.9301, -0.9418, -0.9573, -0.9762, -0.9945, -0.9939, -0.9659, -0.9129, -0.8085, -0.6902, -0.4603, -0.0529, 0.4843, 1.0424, 1.4479, 1.7075, 1.8297, 1.8866, 1.941, 1.9523, 1.9958, 2.0347, 2.018, 1.9639, 1.9238, 1.8836, 1.8577, 1.8353, 1.8131, 1.7957, 1.7886, 1.7877, 1.7927, 1.7979, 1.7994, 1.7994]		[1.0405, 1.3528, 1.7329, 1.3793, 1.4139, 1.5725, 1.2027, 0.8752, 0.5692, 0.2117, -0.0779, -0.2871, -0.4859, -0.6449, -0.7314, -0.6982, 0.644, 1.4953, -1.469, -0.386, 1.2326, 1.7449, 1.834, 1.862, 1.7439, 1.4246, 1.0604, 0.7569, 0.7237, 0.484, 0.3149, 0.1182, -0.4805, -1.0454, -1.4548, -1.6752, -1.5438, -0.7033, 1.3118, 2.8247, 2.8092, 1.8366, 1.0619, 0.8455, 0.7453, 0.6991, 0.6502, 0.6102, 0.581, 0.566, 0.5583, 0.5745, 0.5937, 0.6213, 0.6589, 0.769, 0.9658, 1.2088, 1.4194, 1.5178, 1.3957, 1.0188, 0.4642, -0.1402, -0.5789, -0.6837, -0.5699, -0.3545, -0.1334, 0.165, 0.4769, 0.7117, 0.8401, 0.938, 0.9825, 0.9967, 1.0089, 1.0221, 1.0294, 1.0326, 1.0357, 1.0389, 1.0405, 1.0405]	[0.895467, 0.610961, 0.491195, 0.630394, 0.701995, 0.728771, 0.754046, 0.794978, 0.841564, 0.886386, 0.922204, 0.946955, 0.966058, 0.97917, 0.987506, 0.991302, 0.690027, -0.797232, -0.3315, 0.899628, 0.974942, 0.993934, 0.972633, 0.950963, 0.972979, 0.998427, 0.981967, 0.896266, 0.799912, 0.862471, 0.925748, 0.97974, 0.976112, 0.861277, 0.734182, 0.595888, 0.448053, 0.218375, -0.294685, -0.278213, -0.788807, -0.844158, 0.022467, 0.428801, 0.624157, 0.713351, 0.769732, 0.802892, 0.819302, 0.821811, 0.819732, 0.817097, 0.817412, 0.824451, 0.838795, 0.867205, 0.883145, 0.910779, 0.947785, 0.966197, 0.955546, 0.904413, 0.807366, 0.72781, 0.724697, 0.794779, 0.877652, 0.936949, 0.972866, 0.997364, 0.994434, 0.967703, 0.937515, 0.919066, 0.905271, 0.895648, 0.888493, 0.885351, 0.883135, 0.884953, 0.887786, 0.891407, 0.895467, 0.895467]	[-0.445128, -0.791661, -0.87105, -0.776275, -0.712182, -0.684758, -0.656822, -0.606639, -0.540157, -0.462948, -0.386703, -0.321367, -0.258325, -0.203045, -0.157579, -0.131609, -0.723784, -0.603674, 0.943455, 0.436658, -0.222459, -0.109975, 0.232348, 0.309306, 0.230892, 0.056072, -0.189054, -0.443516, -0.600117, -0.506107, -0.378142, -0.200273, 0.217269, 0.508135, 0.678953, 0.803067, 0.894007, 0.975865, 0.955594, 0.960519, 0.614641, 0.536094, 0.999748, 0.903399, 0.781299, 0.700807, 0.638368, 0.596125, 0.573362, 0.569761, 0.572748, 0.5765, 0.576054, 0.565933, 0.544447, 0.497951, 0.4691, 0.412893, 0.318911, 0.257806, 0.294841, 0.426659, 0.590051, 0.685779, 0.689068, 0.606899, 0.479299, 0.349465, 0.231369, 0.072555, -0.105358, -0.252094, -0.347944, -0.394105, -0.424834, -0.444764, -0.45889, -0.464923, -0.46912, -0.465681, -0.460257, -0.453204, -0.445129, -0.445128]
Me1GargoyleMd010002	Attack15	Bip001LFinger22		[-1.5586, -1.5228, -1.6922, -1.8534, -1.4855, -0.5832, 0.5654, 1.5594, 2.0065, 2.2713, 2.2783, 2.3388, 2.4359, 2.5242, 2.4827, 2.3385, 2.0012, 1.0848, -0.8412, -2.6208, -2.6491, -1.185, 0.5993, 1.7355, 2.0123, 1.9121, 1.7959, 1.2216, 0.4198, -0.1491, -0.5296, -0.9573, -1.4633, -1.977, -2.1802, -1.2835, -1.1217, -1.1248, -0.7584, -0.7192, -0.6707, -0.6589, -0.6726, -0.6818, -0.6946, -0.7107, -0.7231, -0.7287, -0.7294, -0.7123, -0.6859, -0.6389, -0.5451, -0.3947, -0.218, -0.0434, 0.1054, 0.2003, 0.24, 0.1833, 0.0965, -0.0314, -0.1926, -0.4105, -0.6679, -1.0205, -1.4698, -1.719, -1.6121, -1.4461, -1.364, -1.348, -1.3638, -1.3976, -1.4201, -1.447, -1.4861, -1.5226, -1.5493, -1.5586]		[1.7125, 1.0278, 0.8085, 0.9923, 1.263, 1.648, 1.6938, 1.9942, 2.1396, 1.8631, 1.4642, 1.5018, 1.6143, 1.685, 1.3961, 0.8691, 1.1281, 2.0912, 2.5165, 1.2088, -0.8678, -2.1968, -2.2523, -1.3658, -0.2069, 0.4833, 0.8056, 1.3077, 1.8531, 2.2442, 2.2628, 2.0072, 1.5831, 1.1043, 0.6257, 0.5938, 0.3209, -0.7285, -1.1563, -1.2306, -1.2937, -1.3109, -1.2994, -1.2999, -1.3105, -1.3183, -1.3247, -1.3339, -1.3548, -1.3811, -1.407, -1.4458, -1.5291, -1.629, -1.7131, -1.7615, -1.7705, -1.7343, -1.6687, -1.67, -1.6047, -1.4938, -1.3662, -1.2445, -1.1405, -0.9278, -0.4597, 0.3585, 1.2289, 1.7331, 2.0056, 2.1063, 2.1209, 2.0999, 2.0831, 2.0422, 1.9667, 1.8698, 1.7705, 1.7125]	[-0.434559, -0.1021, 0.170376, 0.25527, 0.489627, 0.748663, 0.841805, 0.774909, 0.834279, 0.86931, 0.836553, 0.837281, 0.851311, 0.868476, 0.896278, 0.915018, 0.868696, 0.713764, 0.257323, -0.479218, -0.942399, -0.936803, -0.470178, 0.236643, 0.792452, 0.976361, 0.999815, 0.975164, 0.937611, 0.850206, 0.480812, -0.196375, -0.597655, -0.784095, -0.722244, -0.216298, -0.332549, -0.865459, -0.997906, -0.930132, -0.880989, -0.880818, -0.888307, -0.885434, -0.87715, -0.873304, -0.870158, -0.865176, -0.857876, -0.848205, -0.837172, -0.822654, -0.796578, -0.758501, -0.719712, -0.690932, -0.678246, -0.690925, -0.727789, -0.801098, -0.89262, -0.971621, -0.999827, -0.96108, -0.869104, -0.75805, -0.658634, -0.578163, -0.482297, -0.408618, -0.37118, -0.364628, -0.371004, -0.383472, -0.391347, -0.398069, -0.40915, -0.420769, -0.43057, -0.434559]	[-0.900643, -0.994774, -0.985379, -0.96687, -0.871932, -0.66295, -0.539782, -0.632073, -0.551342, -0.494267, -0.547886, -0.546773, -0.524662, -0.495732, -0.443494, -0.403412, -0.495345, -0.700387, -0.966326, -0.877696, -0.334491, 0.349857, 0.882572, 0.971597, 0.609934, 0.216148, 0.019254, -0.221485, -0.347686, -0.52645, -0.876824, -0.980529, -0.801753, -0.620641, -0.691638, -0.976327, -0.943086, -0.50098, 0.064684, 0.367225, 0.473137, 0.473455, 0.45925, 0.464765, 0.480216, 0.487176, 0.492772, 0.501469, 0.513856, 0.529668, 0.54694, 0.568542, 0.604536, 0.651672, 0.694272, 0.72292, 0.734835, 0.722927, 0.685801, 0.598534, 0.45081, 0.236542, -0.018602, -0.276271, -0.494629, -0.652196, -0.752463, -0.815921, -0.876008, -0.912706, -0.928561, -0.931153, -0.928631, -0.923553, -0.920243, -0.917356, -0.912467, -0.907168, -0.902557, -0.900643]
Me1GargoyleMd010002	Attack15	Bip001RFinger22		[1.7994, 1.8891, 2.5002, 2.8288, 2.905, 2.5968, 1.7874, 1.4129, 1.1022, 0.774, 0.4814, 0.2586, 0.1056, 0.0641, 0.0645, 0.4928, 1.2196, 1.7486, 0.1736, -1.6821, -2.0754, -1.6173, -0.8545, -0.1517, 0.4592, 0.9286, 1.0374, 1.2502, 1.2859, 1.036, 1.0481, 1.2095, 1.5783, 2.1546, 2.724, 1.4401, -1.423, -2.4907, -1.4105, -0.7027, -0.4515, -0.3442, -0.2715, -0.2066, -0.1589, -0.1289, -0.1099, -0.1046, -0.115, -0.1363, -0.1735, -0.2479, -0.4062, -0.6606, -0.9406, -1.2309, -1.439, -1.4532, -1.187, -0.6234, 0.2097, 0.9438, 1.4182, 1.6217, 1.7169, 1.8059, 1.8674, 1.9101, 1.9268, 1.9079, 1.8752, 1.8553, 1.8255, 1.8016, 1.7893, 1.7851, 1.7869, 1.7936, 1.7994, 1.7994]		[1.0405, 0.9726, 0.9594, 0.2132, -0.392, -0.9133, -1.027, -1.1401, -1.2945, -1.4448, -1.5811, -1.6919, -1.7637, -1.7798, -1.8106, -1.7052, -1.0884, 0.4619, 1.9555, 1.2195, -0.1835, -1.2195, -1.8838, -2.2088, -2.336, -2.4985, -2.8096, -3.0271, -3.1042, -3.0997, -3.0445, -2.9502, -2.6666, -1.8726, -0.1245, 2.7422, 2.9865, 0.4534, -1.2068, -1.1905, -1.1346, -1.1142, -1.1111, -1.1033, -1.0911, -1.0894, -1.0967, -1.1117, -1.1368, -1.1571, -1.1617, -1.1492, -1.1366, -1.1259, -1.0793, -0.8765, -0.4503, 0.174, 0.8672, 1.4447, 1.7825, 1.7117, 1.4446, 1.184, 0.9776, 0.8896, 0.837, 0.8162, 0.8179, 0.8732, 0.9579, 0.9888, 1.0027, 1.0213, 1.0314, 1.0339, 1.036, 1.0379, 1.0398, 1.0405]	[0.895467, 0.771033, 0.758537, 0.894444, 0.988528, 0.982088, 0.909246, 0.85584, 0.802622, 0.752268, 0.702503, 0.651569, 0.597188, 0.543294, 0.458737, 0.368806, 0.492793, 0.890983, 0.96609, 0.460144, -0.324228, -0.925992, -0.874663, -0.215627, 0.413984, 0.666127, 0.640293, 0.606711, 0.474259, 0.197599, 0.102122, 0.087652, 0.120643, 0.176416, 0.129569, 0.077782, 0.49512, 0.126607, 0.775227, 0.905392, 0.641781, 0.45813, 0.336527, 0.252291, 0.194543, 0.173148, 0.169106, 0.174887, 0.18133, 0.182139, 0.172784, 0.143489, 0.099116, 0.067825, -0.003396, -0.096707, -0.119305, -0.023663, 0.167996, 0.427333, 0.651127, 0.78608, 0.86453, 0.908151, 0.938948, 0.956744, 0.962751, 0.959079, 0.948359, 0.932052, 0.914126, 0.900928, 0.892324, 0.885674, 0.882188, 0.882817, 0.885168, 0.888716, 0.892668, 0.895467]	[-0.445128, -0.636796, -0.65163, -0.44718, -0.151039, 0.188423, 0.41626, 0.517241, 0.596488, 0.658858, 0.711681, 0.758589, 0.802101, 0.839543, 0.888572, 0.929506, 0.870147, 0.454037, -0.258206, -0.887844, -0.945979, -0.377544, 0.484732, 0.976476, 0.910284, 0.745839, 0.768131, 0.794923, 0.880386, 0.980283, 0.994772, 0.996151, 0.992696, 0.984316, 0.99157, 0.99697, 0.868824, 0.991953, 0.631683, -0.424577, -0.766888, -0.888885, -0.941674, -0.967651, -0.980894, -0.984896, -0.985598, -0.984589, -0.983422, -0.983273, -0.98496, -0.989652, -0.995076, -0.997697, -0.999994, -0.995313, -0.992858, -0.99972, -0.985788, -0.904094, -0.758969, -0.618125, -0.502581, -0.418642, -0.344058, -0.290931, -0.270391, -0.283137, -0.317199, -0.362324, -0.40543, -0.433969, -0.451397, -0.464309, -0.470898, -0.469717, -0.465272, -0.458458, -0.450716, -0.445127]
Me1GargoyleMd010002	Attack10	Bip001LFinger22		[-1.5586, -0.998, -1.6644, -1.6733, -1.2334, -1.2573, -0.5507, 0.0934, 0.3865, 0.5356, 0.7626, 0.9672, 1.0848, 1.3391, 1.4731, 1.2809, 1.2347, 1.8264, 0.542, -2.7287, -1.8907, -1.7695, -1.6798, -1.6969, -1.7347, -1.7101, -1.6783, -1.645, -1.6241, -1.6327, -1.6525, -1.5033, -1.6411, -1.8355, -1.9027, -1.8206, -1.5649, -1.386, -1.3718, -1.3657, -1.3753, -1.4996, -1.6473, -1.685, -1.7011, -1.6884, -1.6518, -1.5836, -1.5586]		[1.7125, 1.6861, 0.3885, 0.7481, 1.7159, 2.4774, 2.7711, 2.6695, 2.5415, 2.3467, 1.8643, 1.356, 1.239, 1.0346, 0.4146, 0.0968, 0.2803, 1.2149, 3.3519, -0.0042, -1.54, -1.272, -1.1274, -1.0531, -0.9851, -0.9956, -1.0181, -1.0465, -1.0585, -1.0139, -0.5381, 0.2248, 0.4567, 0.8092, 1.4997, 2.2298, 2.6002, 2.6484, 2.6191, 2.5965, 2.4496, 2.0592, 1.6613, 1.5306, 1.4558, 1.4582, 1.5502, 1.6743, 1.7125]	[-0.434559, -0.682088, -0.904522, -0.771704, -0.321361, 0.037978, 0.416354, 0.647267, 0.694365, 0.621137, 0.627286, 0.792585, 0.879865, 0.974962, 0.995143, 0.999981, 0.845095, 0.437522, 0.804429, -0.794052, -0.774104, -0.902513, -0.99874, -0.999851, -0.999682, -0.99803, -0.981934, -0.948711, -0.920961, -0.939126, -0.999959, -0.954543, -0.861544, -0.760974, -0.715454, -0.636654, -0.351925, -0.056751, -0.102132, -0.169008, -0.272794, -0.447231, -0.58172, -0.621445, -0.630862, -0.602285, -0.540627, -0.461266, -0.43456]	[-0.900643, -0.73127, -0.426426, -0.635981, -0.946957, -0.999279, -0.909202, -0.762264, -0.719623, -0.783702, -0.778789, -0.609762, -0.475224, -0.222372, 0.098446, -0.006201, -0.534616, -0.899208, -0.594048, -0.60785, 0.633058, 0.430663, 0.05019, -0.017282, -0.025232, 0.062746, 0.189224, 0.316144, 0.389655, 0.343572, -0.009101, -0.298073, -0.507683, -0.648783, -0.69866, -0.77115, -0.936028, -0.998388, -0.994771, -0.985615, -0.962072, -0.894419, -0.81339, -0.783458, -0.775895, -0.798281, -0.841262, -0.887262, -0.900643]
Me1GargoyleMd010002	Attack10	Bip001RFinger22		[1.7994, 0.4282, 1.0732, 1.8293, 2.0349, 1.4755, 1.318, 1.0215, 0.6186, 0.5465, 1.3401, 2.4088, 2.1021, 1.3981, 0.8664, 0.5713, 0.1024, -0.0245, 1.7982, 2.89, 1.6089, 1.3294, 1.309, 1.6359, 1.9183, 1.989, 2.0044, 1.9854, 1.9611, 1.9554, 2.1198, 2.0283, 1.7934, 1.6662, 1.673, 1.7637, 1.8456, 1.8921, 1.8441, 1.8426, 1.9294, 1.9862, 2.0169, 1.9887, 1.9642, 1.9209, 1.862, 1.8144, 1.7994]		[1.0405, 1.0297, 0.6259, 0.7462, -2.7643, -3.3828, -3.4544, -3.3783, -3.1146, -2.6129, -1.8077, -0.2537, 0.905, 1.4405, 1.727, 1.622, 1.5001, 1.7564, 2.8737, -0.0846, -1.3176, -1.2491, -1.1586, -1.1009, -1.0293, -1.0171, -1.0257, -1.0289, -1.0065, -0.9467, -0.3929, 0.385, 0.5974, 0.7352, 0.9209, 1.1457, 1.3516, 1.5047, 1.6702, 1.8085, 1.8495, 1.5545, 0.9854, 0.8304, 0.7829, 0.8092, 0.9129, 1.008, 1.0405]	[0.895467, 0.413214, 0.083716, 0.397789, 0.935996, 0.545229, 0.385525, 0.343691, 0.361433, 0.584038, 0.874672, 0.998322, 0.754725, 0.31247, 0.095701, 0.218727, 0.37173, 0.312917, -0.018439, 0.973068, 0.621269, 0.48673, 0.500094, 0.663799, 0.967088, 0.992635, 0.98518, 0.972412, 0.962937, 0.960565, 0.999866, 0.969531, 0.917852, 0.860792, 0.832455, 0.842717, 0.851392, 0.82409, 0.696734, 0.563434, 0.510977, 0.660666, 0.871851, 0.905658, 0.918676, 0.919517, 0.906792, 0.898274, 0.895467]	[-0.445128, -0.910634, -0.99649, -0.917477, 0.352012, 0.838287, 0.922697, 0.939083, 0.932398, 0.811726, 0.484716, -0.057904, -0.656041, -0.949928, -0.99541, -0.975786, -0.928341, -0.949781, -0.99983, -0.230517, 0.783597, 0.873552, 0.865971, 0.747911, 0.254443, 0.121146, 0.171522, 0.23327, 0.269727, 0.278054, -0.016382, -0.24497, -0.396922, -0.508958, -0.554093, -0.538357, -0.52453, -0.56646, -0.717329, -0.826161, -0.859595, -0.75068, -0.489771, -0.424008, -0.395012, -0.393051, -0.421579, -0.439436, -0.445127]
Me1GargoyleMd010002	Attack98	Bip001LFinger22		[1.5188, -1.4006, -3.2313, -1.5881, 0.205, 0.244, -0.1015, -0.6113, -1.044, -0.8645, 0.0606, 0.681, 1.0327, 1.1833, 1.3351, 1.3313, 1.0406, 0.5784, 0.1603, -0.5865, -0.7525, -0.5125, -0.4736, -0.3612, -0.2615, -0.2404, -0.266, -0.3079, -0.369, -0.5248, -0.8258, -1.1712, -1.5138, -1.6501, -1.6969, -1.6813, -1.6632, -1.6206, -1.4489, -1.3386, -1.4257, -1.4444, -1.4023, -1.3535, -1.3127, -1.2931, -1.4053, -1.5519, -1.577, -1.5551, -1.5281, -1.5549, -1.5586]		[-0.0031, 3.6796, 0.7793, -1.3247, -1.7523, -1.9967, -2.3311, -2.5812, -2.6643, -2.5846, -2.1432, -2.2477, -1.8622, -1.6123, -1.5729, -1.6448, -1.7381, -1.7343, -1.6183, -1.4664, -1.2722, -1.2187, -0.8401, -0.5261, -0.4901, -0.5022, -0.5414, -0.6015, -0.6614, -0.7092, -0.7797, -0.861, -0.8567, -0.7495, -0.5365, -0.216, 0.0657, 0.4268, 0.7609, 0.9817, 1.185, 1.4075, 1.7146, 1.8711, 1.8761, 1.7287, 1.7367, 1.9438, 1.9281, 1.7889, 1.7242, 1.7138, 1.7125]	[0.516504, 0.517319, 0.992275, 0.76723, 0.728785, 0.636918, 0.445397, 0.153615, -0.173302, -0.243762, 0.156091, 0.411887, 0.617758, 0.778972, 0.87511, 0.86222, 0.667137, 0.12361, -0.440408, -0.903898, -0.989235, -0.990432, -0.981866, -0.85747, -0.809397, -0.772733, -0.73645, -0.717743, -0.710522, -0.740889, -0.851421, -0.967234, -0.999447, -0.982265, -0.922443, -0.901754, -0.954094, -0.998548, -0.878026, -0.635961, -0.395232, -0.297871, -0.334459, -0.39272, -0.432029, -0.491423, -0.494303, -0.418184, -0.306428, -0.193141, -0.235766, -0.38772, -0.434558]	[0.856285, -0.855793, 0.124059, 0.641373, 0.684743, 0.770932, 0.895333, 0.988131, 0.984869, 0.969835, 0.987743, 0.911235, 0.786368, 0.627059, 0.483925, 0.506533, 0.744935, 0.992331, 0.897798, 0.427748, 0.146337, 0.138005, -0.189577, -0.514535, -0.587263, -0.634732, -0.676492, -0.696308, -0.703675, -0.671627, -0.524484, -0.253887, -0.03326, 0.187497, 0.386134, 0.432249, 0.299509, -0.053874, -0.478612, -0.771721, -0.918582, -0.954606, -0.94241, -0.919658, -0.90186, -0.870921, -0.86929, -0.908362, -0.951894, -0.981171, -0.97181, -0.921777, -0.900644]
Me1GargoyleMd010002	Attack98	Bip001RFinger22		[0.5296, 0.8546, 0.4207, 1.543, 1.1078, 1.0877, 1.065, 1.0395, 1.016, 1.4127, 0.2867, -1.9874, 0.3784, 1.141, 1.3449, 1.2967, 1.1564, 0.8905, 0.4005, -1.3723, -1.0207, -0.2951, -0.1037, -0.0942, -0.1073, -0.1152, -0.1112, -0.1178, -0.1339, -0.2333, -0.4537, -0.7176, -0.9729, -0.9754, -0.6906, -0.0682, 0.6423, 1.1838, 1.3603, 1.2993, 1.2432, 1.2487, 1.3038, 1.3958, 1.549, 1.783, 2.2443, 2.5665, 2.4983, 1.8887, 1.6325, 1.7602, 1.7994]		[-1.3276, -2.0369, -2.2089, -1.6046, -1.3464, -1.1322, -1.0401, -0.9668, -0.8885, 0.1263, 3.2866, 0.0023, -2.188, -1.963, -1.6298, -1.4216, -1.1176, -0.846, -0.7809, 0.4612, 1.3614, 1.0858, 0.9877, 0.8549, 0.7705, 0.7436, 0.7768, 0.831, 0.8778, 0.8942, 0.8628, 0.8133, 0.837, 0.9488, 1.1395, 1.3023, 1.1526, 0.6612, 0.0699, -0.2617, -0.3006, -0.2495, -0.1381, -0.054, 0.0003, 0.0798, -0.0528, 0.3537, 0.6889, 0.7465, 0.8183, 0.9812, 1.0405]	[0.992325, 0.248909, 0.169342, 0.342022, 0.284954, 0.18043, 0.073832, 0.034896, 0.027405, 0.239881, -0.215441, 0.704767, 0.821155, -0.665496, -0.880395, -0.883965, 0.367608, 0.612632, 0.428139, 0.933404, 0.908638, 0.784389, 0.665667, 0.634608, 0.69254, 0.752659, 0.77701, 0.795261, 0.814647, 0.853536, 0.921595, 0.966257, 0.975913, 0.99541, 0.627246, 0.198264, 0.396959, 0.773517, 0.98071, 0.997333, 0.993075, 0.998634, 0.998675, 0.983232, 0.952632, 0.897226, 0.893915, 0.897798, 0.910851, 0.919063, 0.916, 0.901743, 0.895467]	[-0.123659, 0.968527, 0.985557, 0.939692, 0.958541, 0.983588, 0.997271, 0.999391, 0.999624, 0.970802, 0.976517, 0.709439, 0.570705, -0.746402, -0.474241, -0.467554, 0.929981, 0.790368, 0.903713, 0.358828, 0.417585, 0.620269, 0.746249, 0.772834, 0.721379, 0.65841, 0.629489, 0.606268, 0.579958, 0.521034, 0.388154, 0.25758, 0.21816, 0.095707, -0.778822, -0.980149, -0.917837, -0.633776, -0.19547, 0.07299, 0.117483, 0.052243, -0.051457, -0.182358, -0.304126, -0.441572, -0.448237, -0.440408, -0.412736, -0.394112, -0.401179, -0.432274, -0.445127]
